"DATA_YEAR","SUSPECTED_DRUG_TYPE_ID","PROPERTY_ID","EST_DRUG_QTY","DRUG_MEASURE_TYPE_ID","NIBRS_SUSPECTED_DRUG_ID"
2018,5,117796829,10.39,1,11841965
2018,12,117796829,0.81,1,11841964
2018,12,110414565,0.554,1,10356293
2018,8,110414565,1,9,10356295
2018,12,110409843,0.3,1,10361328
2018,5,110419659,12.9,1,10351331
2018,3,110419659,0.3,1,10361339
2018,12,110472988,0.1,1,10360215
2018,12,110473001,28.9,1,10354699
2018,5,110474169,2.04,1,10360382
2018,8,110474169,0.14,1,10354913
2018,5,110482424,1,1,10354984
2018,5,110484493,3.07,1,10360436
2018,12,110480000,0.1,1,10364885
2018,5,110478073,1.3,1,10364915
2018,5,110480222,14.9,1,10354758
2018,5,110473042,3.3,1,10360227
2018,5,110478069,1,11,10364913
2018,12,110473232,0.01,1,10360276
2018,12,110473344,23.06,1,10360307
2018,16,110473344,20,9,10360308
2018,5,110473344,158,1,10354819
2018,12,110473355,1,11,10364970
2018,12,110484381,3.2,1,10354967
2018,5,110484381,2.45,1,10360411
2018,12,110482416,1,11,10354982
2018,12,110489480,10,5,10365091
2018,8,110414743,8,9,10361314
2018,5,110414927,1,9,10351339
2018,8,105388592,13,9,9409875
2018,12,105388592,0.013,1,9414702
2018,5,105388616,0.3,1,9409883
2018,5,105388617,19.2,1,9409884
2018,12,105388662,1,11,9409898
2018,5,105390565,1.59,1,9399191
2018,12,105390565,1,11,9409904
2018,12,105394468,0.18,1,9409907
2018,16,105394468,10,9,9409908
2018,5,105394510,0.58,1,9409915
2018,12,105394521,9.28,1,9414729
2018,5,105390604,1,11,9399198
2018,5,105394570,4,1,9414736
2018,5,105394597,0.5,1,9414737
2018,4,101888107,1,11,8785048
2018,12,101888107,1.72,1,8785046
2018,12,101888128,1,11,8785052
2018,5,101888660,1,1,8785151
2018,5,101889418,1.86,1,8785223
2018,5,105394501,1.59,1,9414726
2018,12,105388824,1,1,9409937
2018,12,105388839,1,11,9399216
2018,12,105395243,0.1,1,9414809
2018,2,105399241,3.5,1,9414821
2018,8,105399241,8,9,9399267
2018,5,105399241,2.5,1,9414822
2018,17,105399250,,,9409993
2018,5,105395407,0.6,1,9414830
2018,5,101890016,1,3,8785292
2018,5,101888308,9.5,1,8785083
2018,12,101888104,1,3,8785045
2018,5,101888104,1,3,8785047
2018,5,101888404,1,11,8785104
2018,12,101888404,1,11,8785102
2018,12,101888573,0.5,1,8785132
2018,12,102201520,0.97,1,8835215
2018,5,102201520,1.55,1,8835216
2018,12,102198162,1,11,8834685
2018,5,102200422,4,1,8835072
2018,5,102200668,8,1,8835107
2018,5,102201392,31,1,8835187
2018,12,102198232,0.03,1,8834699
2018,5,102198303,0.1,7,8834734
2018,5,102198303,4.2,1,8834733
2018,5,102198342,7.8,1,8834750
2018,12,102198342,15.3,1,8834749
2018,5,102198916,1.5,1,8834857
2018,5,102199619,1,1,8834975
2018,12,102199822,1,11,8834995
2018,16,102200901,12,9,8835133
2018,5,102200959,0.01,1,8835141
2018,12,102201230,7.5,1,8835179
2018,12,102201571,0.003,1,8835225
2018,5,102198338,1.5,1,8834748
2018,5,102198428,24.5,1,8834769
2018,8,102198509,61,9,8834781
2018,17,102198509,1,11,8834782
2018,16,102198509,2,9,8834780
2018,5,102199233,1.4,1,8834918
2018,5,102199302,0.5,1,8834934
2018,12,105388593,0.01,1,9409876
2018,5,105388593,0.01,1,9414703
2018,12,102198905,1.8,1,8834852
2018,12,102198923,1,11,8834858
2018,12,102199940,1,9,8835014
2018,12,102200256,1,9,8835053
2018,12,102200346,1,9,8835065
2018,12,102200581,1,9,8835097
2018,12,102201209,0.2,1,8835176
2018,5,102197652,1,11,8834565
2018,2,102197696,1,3,8834578
2018,12,102198219,0.77,1,8834694
2018,5,102198286,6.7,1,8834722
2018,12,102198912,48.48,1,8834856
2018,5,102199298,0.2,1,8834933
2018,5,102199426,1.1,1,8834951
2018,5,102199677,1,11,8834979
2018,12,102200433,6,1,8835074
2018,12,102201360,0.751,1,8835185
2018,5,102201360,1.573,1,8835186
2018,5,102197524,3.6,1,8834538
2018,5,102197540,0.13,1,8834540
2018,12,102200268,1,9,8835055
2018,5,102200569,10.85,1,8835095
2018,12,102201239,3.5,1,8835180
2018,12,102201445,0.001,1,8835197
2018,5,102201445,5.6,1,8835198
2018,5,102201564,16,1,8835221
2018,9,102197450,22,9,8834514
2018,5,102197450,1.8,1,8834516
2018,11,102197450,4,9,8834517
2018,5,102198652,1,1,8834797
2018,12,102199911,1,1,8835009
2018,12,102200539,1,9,8835087
2018,2,102200616,0.18,1,8835102
2018,5,102197830,36.26,1,8834618
2018,5,107268653,1,11,9810590
2018,5,107277266,1,11,9810592
2018,5,107268709,1,11,9805331
2018,5,102198842,1,1,8834841
2018,12,102198908,1,11,8834855
2018,5,102199488,0.5,1,8834958
2018,12,107277212,18,9,9810583
2018,5,102201549,0.6,1,8835220
2018,12,102201640,0.4,1,8835230
2018,5,107268652,1,11,9805320
2018,12,107268709,1,11,9813706
2018,5,107273342,12,1,9805334
2018,12,107268735,1.7,1,9805335
2018,12,107277351,0.001,1,9805336
2018,17,107273425,1,9,9813736
2018,5,107273425,0.5,1,9810634
2018,5,107279724,0.4,1,9805477
2018,5,107277618,2.6,1,9805365
2018,5,107268964,4,1,9810651
2018,5,107268991,37,1,9813749
2018,17,107273686,,,9805383
2018,12,107279286,18.02,1,9813771
2018,5,107278009,2,1,9810674
2018,4,107273890,0.89,1,9805412
2018,5,107274045,9.6,1,9810702
2018,12,107279512,0.1,1,9805437
2018,12,107274104,1,11,9813812
2018,8,107279586,3,9,9805450
2018,12,107279600,1,11,9813822
2018,5,107274158,1,11,9813821
2018,5,107274158,3.59,1,9810723
2018,12,107274158,1.02,1,9810722
2018,18,107278386,,,9810727
2018,12,107278386,1.59,1,9810725
2018,2,107278386,1.46,1,9810726
2018,11,107278425,5.3,1,9813839
2018,5,107278425,3.6,1,9813840
2018,5,107278433,4.5,1,9805464
2018,5,107278442,0.81,1,9810741
2018,12,107284244,6.4,1,9805468
2018,11,107279694,1,9,9813847
2018,12,107278472,0.38,3,9813848
2018,5,107284272,27,1,9813853
2018,16,107279740,1,9,9810748
2018,5,107278536,1,9,9813858
2018,5,107284384,4,1,9805489
2018,16,105388681,3,9,9409900
2018,12,105388805,0.25,1,9414747
2018,5,105388838,6.4,1,9414754
2018,17,105390718,1,1,9409944
2018,5,105394745,1,1,9414758
2018,5,105388970,8,1,9409962
2018,12,105388989,1,11,9409967
2018,12,105390819,14,1,9409968
2018,12,105394958,1.6,1,9414782
2018,5,105394958,25.5,1,9414783
2018,12,105390833,13.5,1,9399238
2018,5,105390854,21.8,1,9409978
2018,12,105395012,1.4,1,9414797
2018,5,105395280,36.7,1,9414814
2018,5,105395395,47.4,1,9414827
2018,1,105399313,1,9,9409995
2018,5,105395466,12.21,1,9414836
2018,12,105399329,1.76,1,9409997
2018,4,105399329,10,5,9414838
2018,5,106055681,1,11,9572776
2018,12,106055688,1,1,9577779
2018,5,106060016,2426.1,1,9577845
2018,12,105390488,0.02,1,9414704
2018,5,105388604,1,11,9409878
2018,12,105390715,1,11,9399218
2018,5,105390788,19,1,9399232
2018,12,105394971,1.04,1,9414785
2018,12,105395030,0.5,1,9414801
2018,12,106059451,1,11,9577770
2018,12,108133812,0.8,1,9949127
2018,12,108133797,25.493,1,9944529
2018,5,104625472,4,1,9264797
2018,5,104625856,0.33,1,9259929
2018,12,108141158,0.49,1,9944532
2018,5,108141161,4,9,9952152
2018,8,108137613,4,9,9952167
2018,5,104617606,13.1,1,9259890
2018,5,104617908,2,10,9259922
2018,5,104617908,74.801,1,9259921
2018,12,104617909,497,1,9259923
2018,5,104621179,1,9,9259935
2018,16,104621179,1,9,9259934
2018,12,108133805,1,9,9949122
2018,5,108133822,22,1,9949128
2018,11,108133822,20,9,9952154
2018,12,108137593,1,11,9949129
2018,12,108137591,1.09,1,9952158
2018,12,110414676,0.307,1,10351303
2018,14,110414676,0.168,1,10351304
2018,12,110414753,1,11,10351314
2018,12,110409938,1,9,10361345
2018,5,110409942,1,1,10361347
2018,12,110414948,1,9,10361348
2018,5,110414968,6,1,10351340
2018,5,110415031,0.7,1,10351344
2018,5,110410039,12,1,10356365
2018,5,110419798,0.4,1,10351347
2018,5,110410071,24.9,1,10351349
2018,12,110410103,116,1,10351352
2018,12,110415280,14.5,1,10351361
2018,5,110415280,1.4,1,10351362
2018,18,110415280,,,10351363
2018,12,106059440,1.7,1,9572764
2018,5,106055731,4,1,9572781
2018,17,106059544,1,1,9577788
2018,16,106059544,122.25,9,9577787
2018,4,106064432,254,1,9582669
2018,5,106059757,1,1,9582672
2018,12,117443016,0.04,1,11772851
2018,5,117443016,8.87,1,11772850
2018,12,106055661,2.15,1,9572769
2018,12,106055661,1,11,9572771
2018,5,106055661,2,1,9572770
2018,5,106059552,3.5,1,9577790
2018,5,106055758,4.5,1,9582649
2018,5,106064396,1.2,1,9582663
2018,5,106064397,0.6,1,9582664
2018,12,106059686,2.82,1,9582667
2018,5,106059697,1,1,9577816
2018,12,106059802,1.02,1,9572819
2018,12,106055951,0.5,1,9582680
2018,4,106055951,0.4,1,9582679
2018,12,106055673,1,11,9582628
2018,16,107278387,2,9,9810728
2018,5,107278408,2.3,3,9810734
2018,12,107280619,5.6,1,9813978
2018,5,107285256,46,1,9805619
2018,5,107280343,16,1,9813909
2018,12,107284969,1,3,9805550
2018,12,107285025,1.07,1,9805562
2018,12,107285026,0.12,1,9813939
2018,16,107280431,40,9,9810828
2018,12,107280431,46.03,1,9810827
2018,12,107289217,0.01,1,9810835
2018,5,107285058,6.3,1,9813945
2018,5,107280482,16,1,9810838
2018,5,107280507,0.4,1,9813952
2018,5,107289255,1,11,9813951
2018,5,107289273,,,9805595
2018,12,104625553,0.02,1,9264817
2018,5,104625617,1.2,1,9264835
2018,12,104617683,3.51,1,9264806
2018,16,104617683,7,9,9264807
2018,12,104625554,1,11,9269757
2018,12,104617714,1,11,9264818
2018,12,104625564,0.54,1,9269759
2018,12,104625606,1,3,9264832
2018,2,104617851,14,1,9264851
2018,5,104617904,0.002,1,9259919
2018,5,104621019,12,1,9259909
2018,12,104617844,1,1,9264850
2018,12,104625796,1,11,9264856
2018,12,104621142,2.4,1,9269799
2018,5,105390580,0.57,1,9399194
2018,5,105388729,3.4,1,9414734
2018,5,105394721,1.2,1,9399217
2018,5,105389028,1,11,9399241
2018,5,105388957,61,1,9414771
2018,12,105394972,0.97,1,9409972
2018,5,105389065,1,1,9409980
2018,5,105395204,1.6,1,9399260
2018,12,105391009,1500.5,1,9409991
2018,5,105391009,1,11,9409990
2018,8,105388625,5,9,9414714
2018,5,105388625,27.1,1,9414713
2018,18,105394417,,,9399185
2018,4,105394417,1.5,1,9409891
2018,12,105394417,91.7,1,9409890
2018,11,105394500,96,1,9409913
2018,18,105394500,,,9414725
2018,12,105394500,1,11,9409912
2018,5,106064243,45,1,9582623
2018,12,106064243,0.23,1,9577764
2018,12,106064264,1,11,9582625
2018,12,106064377,3.09,1,9577806
2018,5,106056028,0.5,1,9577840
2018,12,106056095,1,7,9572826
2018,12,106060207,0.5,1,9577865
2018,12,104625453,0.1,1,9264791
2018,5,104625453,0.4,1,9269739
2018,8,104617622,3,9,9269743
2018,12,104617622,2,9,9259892
2018,12,104617701,1,1,9269755
2018,5,104617701,1,1,9264814
2018,12,104625593,1,11,9264828
2018,5,104625593,37.74,1,9264827
2018,5,104625602,57.4,1,9269771
2018,12,104625602,36,9,9264830
2018,13,104617919,1,11,9259926
2018,5,104617926,17.25,1,9269801
2018,5,105388880,1,1,9414759
2018,11,105388937,17,9,9409957
2018,12,106059456,0.21,1,9577773
2018,5,106055750,1,11,9572787
2018,12,106059801,0.02,1,9577828
2018,12,106060010,0.5,1,9577844
2018,5,107278951,1.28,1,9810788
2018,5,110409946,2,1,10356353
2018,12,110419803,2,1,10361364
2018,17,110419840,,,10351353
2018,5,110410315,0.25,1,10356391
2018,5,110410322,1,11,10356393
2018,12,110414580,1,7,10361291
2018,5,107268725,2.1,1,9813713
2018,5,107273627,6,1,9810667
2018,12,107278031,1,11,9805407
2018,16,107278031,58,9,9813776
2018,2,107279354,1,1,9813785
2018,17,107278126,15.96,1,9810685
2018,12,107278144,0.5,1,9810689
2018,12,107285024,1,11,9810826
2018,4,107285045,0.001,1,9805570
2018,8,107285050,28,9,9805573
2018,5,107280492,0.6,1,9805582
2018,5,107285229,0.58,1,9810861
2018,5,107280854,1,3,9805632
2018,12,107280884,6,9,9810873
2018,5,107278404,1,11,9810732
2018,5,107278418,1,11,9813834
2018,17,107278649,,,9810772
2018,5,107284607,8,1,9805501
2018,5,107280182,3.31,1,9805524
2018,12,106059616,26.93,1,9577807
2018,2,106059789,0.86,1,9577824
2018,5,106055940,1.4,1,9572820
2018,12,106059969,1,11,9577839
2018,2,106056144,5.3,1,9572833
2018,5,106056144,4.09,1,9572832
2018,5,107268671,1,11,9805324
2018,5,107273318,1,11,9805329
2018,5,107273318,1.11,1,9805330
2018,2,107277334,1,11,9805332
2018,5,107277334,3.42,1,9810615
2018,5,107268816,0.25,1,9805350
2018,5,107273418,1,1,9805352
2018,5,107277653,5,4,9805370
2018,12,107277681,1,9,9810654
2018,12,107273842,0.7,1,9813770
2018,12,107273844,0.18,1,9805392
2018,5,107273844,3.02,1,9805393
2018,12,107278000,,,9805394
2018,12,107273857,,,9805398
2018,5,107273918,0.01,1,9805413
2018,5,107279440,1,9,9805418
2018,12,107278170,1.09,1,9810693
2018,16,107278170,5,9,9810692
2018,5,107278170,9.33,1,9810694
2018,12,107279108,1,11,9805539
2018,12,107279164,1,11,9813924
2018,5,107289265,3,1,9813958
2018,5,107280531,,,9813962
2018,12,107289307,1,11,9805606
2018,5,107280696,1,11,9805618
2018,12,107289424,0.03,1,9810864
2018,16,107289424,26,9,9813982
2018,5,107280743,14.7,1,9813987
2018,5,107285409,0.6,1,9805640
2018,5,107285414,10.1,1,9805641
2018,5,107274059,8.11,1,9805439
2018,5,107278338,1,11,9813815
2018,5,107279667,1,11,9805466
2018,8,107278962,25,9,9805519
2018,5,107278962,5,4,9810789
2018,1,107284843,14.22,1,9805530
2018,5,107280240,1,11,9810796
2018,5,107274191,2,1,9813833
2018,4,107279004,9,1,9805529
2018,5,107277166,3,1,9813674
2018,12,107268597,1.018,1,9813688
2018,12,107277209,0.113,1,9813690
2018,5,107273330,2.84,1,9813710
2018,12,107277465,1,11,9810633
2018,12,107273513,1,9,9805366
2018,5,107269056,27,1,9810665
2018,5,107279332,23.5,1,9813780
2018,12,107279332,0.57,1,9813779
2018,12,107279163,1,11,9810819
2018,12,107285029,0.01,1,9813940
2018,5,107285029,0.31,1,9810829
2018,5,107285076,7.2,1,9805585
2018,5,107280642,1,1,9810860
2018,5,108133794,1.4,1,9949117
2018,12,108137623,1,9,9944544
2018,5,108137608,1,1,9952163
2018,12,108133831,4,1,9949132
2018,12,108133831,1,11,9952164
2018,12,107278256,0.272,1,9810711
2018,12,107278256,1,11,9805440
2018,5,107278615,9,1,9810761
2018,5,107280053,142.1,1,9805505
2018,5,107278949,19.8,1,9805513
2018,12,107278949,1,11,9805512
2018,16,108137592,2,9,9952160
2018,2,107289214,0.01,1,9813944
2018,5,107273285,1,11,9810594
2018,5,107273309,5.7,1,9810606
2018,16,107273309,1,9,9810607
2018,5,107273865,10.48,1,9805402
2018,4,107273957,,,9805415
2018,5,107285088,2.2,1,9805590
2018,16,107285088,16,9,9805589
2018,5,107285125,8.7,1,9813967
2018,5,107280801,6.8,1,9813988
2018,5,107274017,1,1,9810697
2018,12,107274017,1,1,9805423
2018,12,107278241,0.1,1,9810708
2018,5,107278458,1,1,9813846
2018,5,107284351,1,1,9813861
2018,5,107278640,6.4,1,9813870
2018,12,107279896,0.1,1,9805495
2018,12,107280158,1,11,9805516
2018,5,107280246,1,1,9813892
2018,12,107280252,1,11,9813893
2018,5,107278230,4.9,1,9813800
2018,7,107279509,1,9,9813801
2018,12,107279509,2,9,9810706
2018,5,107279633,2.5,1,9813832
2018,12,107278471,0.5,1,9810743
2018,5,107279762,14.61,1,9810754
2018,17,107278785,2,9,9810780
2018,12,107280180,1,9,9813884
2018,5,107284816,22.6,1,9813886
2018,5,107273181,0.1,1,9805307
2018,12,107268558,2.26,1,9813680
2018,4,107268599,38.84,1,9810580
2018,8,107268599,1,11,9810581
2018,18,107268599,,,9813689
2018,5,107268558,2.32,1,9813679
2018,12,107268608,0.502,1,9813691
2018,12,107268612,0.475,1,9813693
2018,12,107268620,0.5,1,9810585
2018,5,107277274,1,11,9810596
2018,12,107273304,0.67,1,9805328
2018,12,107273319,1,11,9813705
2018,5,107285123,2.4,1,9805604
2018,5,107277353,0.05,3,9810621
2018,5,107273360,2.8,1,9810622
2018,12,107277395,0.7,1,9813722
2018,16,107277395,6,9,9813720
2018,5,107277395,0.7,1,9813721
2018,5,107277476,1.3,1,9810637
2018,5,107273439,1.6,1,9810641
2018,5,107277735,17,1,9805376
2018,12,107273750,8.236,1,9805385
2018,5,107278022,4.3,1,9813775
2018,17,107279346,,,9810680
2018,12,107273966,34.48,1,9810688
2018,5,107273966,0.92,1,9813789
2018,12,107273966,7,9,9813788
2018,17,107278191,,,9813794
2018,17,107278194,,,9810696
2018,12,107278379,1.5,1,9805453
2018,5,107278405,6.26,1,9810733
2018,5,107278483,0.16,3,9810744
2018,12,107284421,0.01,1,9805494
2018,5,107280146,1,11,9805511
2018,5,107284939,2,1,9813908
2018,5,107280490,4.6,1,9805581
2018,2,107280600,9,1,9805613
2018,5,107280636,10,1,9810859
2018,5,107285259,9,1,9813984
2018,5,107285402,17,1,9810877
2018,5,107280904,14,1,9813997
2018,12,107274035,0.9,1,9805430
2018,16,107278220,51.75,1,9805433
2018,12,107278324,13.3,1,9810715
2018,12,107274161,0.04,1,9805455
2018,12,117587596,6,1,11812475
2018,5,116444063,28.128,1,11504913
2018,12,116454800,0.001,1,11490856
2018,5,116454677,1,11,11507481
2018,5,116459943,3.5,1,11505110
2018,5,116454932,0.7,1,11504940
2018,16,116454932,0.005,1,11507541
2018,12,116444542,0.01,1,11505001
2018,12,116454712,244.52,1,11490839
2018,2,116450876,0.55,1,11491079
2018,12,116444030,0.265,1,11504910
2018,5,116450871,12,1,11505063
2018,4,116451580,1,1,11507898
2018,12,116444040,0.071,1,11504912
2018,12,116449667,0.01,1,11507482
2018,5,116444336,1,11,11490933
2018,12,116459803,1.261,1,11507751
2018,2,116459867,14.6,1,11505089
2018,5,116460068,12.1,1,11491154
2018,5,116444356,1,11,11490939
2018,5,116450613,1,1,11505019
2018,12,116459827,0.09,1,11505077
2018,5,116450033,20.46,1,11507560
2018,12,116454942,0.106,1,11507543
2018,5,116449979,3,1,11490881
2018,12,116454847,0.001,1,11490862
2018,5,116455672,17.7,1,11491053
2018,5,116456087,11,1,11491130
2018,5,116444539,32.8,1,11505000
2018,5,116459816,0.001,1,11505074
2018,5,116454972,0.001,1,11490888
2018,12,116455004,1,11,11504953
2018,2,116455034,1,11,11490900
2018,5,116455710,1,9,11507722
2018,12,117451106,0.001,1,11771778
2018,5,110480034,1,11,10354712
2018,5,110480034,18.4,1,10354713
2018,12,110478246,0.51,1,10364957
2018,5,110478246,0.4,1,10364958
2018,5,110478264,0.83,1,10364962
2018,12,110478264,30.16,1,10364961
2018,12,110478266,3.14,1,10364963
2018,12,110479068,18,9,10365029
2018,2,110409746,0.593,1,10361305
2018,5,110419553,121.6,1,10356328
2018,5,110419553,8,9,10351311
2018,12,110410080,54,1,10361366
2018,12,110419977,1,1,10356382
2018,5,110419977,0.5,1,10361378
2018,5,110480083,3.61,1,10364899
2018,12,110473141,0.7,1,10360254
2018,5,110473141,1,11,10360255
2018,8,110482348,9,9,10360410
2018,12,110482348,1,9,10360409
2018,12,110482380,1,9,10354973
2018,12,110482380,1,1,10354972
2018,5,110482414,1.15,1,10354981
2018,12,110484508,0.001,1,10365102
2018,8,110478095,,,10364920
2018,12,110478099,1,11,10364923
2018,5,110478144,1,11,10364940
2018,5,110489388,5,1,10360400
2018,5,110484443,16.5,1,10360421
2018,12,110480136,0.63,1,10354738
2018,12,110478273,7.86,1,10354818
2018,4,110480496,207.3,1,10364967
2018,5,110480496,1.5,1,10354820
2018,2,110480496,213.8,1,10354821
2018,12,110478340,1.5,1,10364973
2018,4,110478340,0.01,1,10364974
2018,5,110409567,42.7,1,10361288
2018,12,110414609,1,1,10356307
2018,17,110415282,2,9,10361390
2018,12,110480097,1.4,1,10354727
2018,5,110478085,1.3,1,10360253
2018,12,110480507,2.84,1,10360312
2018,17,110480507,0.66,1,10360311
2018,5,110481976,0.63,1,10354920
2018,5,110480032,1,11,10354711
2018,12,110480303,0.05,1,10360274
2018,12,110480307,0.02,1,10354779
2018,5,110473340,1,1,10364964
2018,12,110484460,0.34,1,10360425
2018,15,110484503,25,9,10360438
2018,5,110478084,4,1,10364917
2018,5,110478097,0.6,1,10364921
2018,12,110482344,2,9,10365069
2018,5,110482411,0.5,1,10354979
2018,16,110482411,1,9,10354980
2018,5,110489488,16,1,10360427
2018,12,110479911,1,1,10360218
2018,16,110478040,8,9,10364905
2018,5,110478040,1,11,10364906
2018,2,110479120,0.2,1,10365033
2018,4,110479120,0.2,1,10365034
2018,12,110479120,1.4,1,10365032
2018,5,110482332,1,9,10360404
2018,12,110489440,0.19,1,10365081
2018,12,110489440,2,9,10360417
2018,16,110482471,12.5,9,10354991
2018,12,110489512,18,1,10365104
2018,12,110473013,0.1,1,10360219
2018,5,110473086,9,1,10360243
2018,12,110478261,2.83,1,10354811
2018,16,110478261,25,9,10364960
2018,5,110478261,1,11,10364959
2018,12,110480576,1,11,10354827
2018,1,110479173,0.12,1,10365038
2018,8,110479173,3.5,9,10365037
2018,5,110484384,1,9,10365075
2018,5,110482382,5.02,1,10354975
2018,12,110489470,0.41,1,10360424
2018,12,110489470,1,11,10360423
2018,12,110414597,1,11,10351285
2018,12,110479925,861.04,1,10354702
2018,5,110477997,1,1,10354725
2018,16,110489401,26,9,10365068
2018,4,110489401,2,9,10365067
2018,12,110482345,1,9,10365070
2018,12,110484399,1,11,10360415
2018,5,110482457,13.48,1,10354987
2018,5,110482457,1,9,10354988
2018,5,110480326,39.9,1,10354785
2018,12,110478272,8.1,1,10360303
2018,12,110478283,10.8,1,10360310
2018,5,110484465,1,1,10365092
2018,5,110414678,3.7,1,10351305
2018,12,110409940,1,11,10356352
2018,12,110410051,0.1,1,10361361
2018,12,110415253,0.001,1,10361379
2018,17,117456017,,,11773902
2018,5,117456053,20.54,1,11773946
2018,5,110474142,1,9,10360381
2018,5,110479124,265,1,10365035
2018,12,110489319,2.056,1,10365048
2018,5,101888401,61.9,1,8785098
2018,5,101888401,1,11,8785101
2018,5,101889416,1,11,8785222
2018,12,104625457,156.3,1,9264793
2018,12,104620927,1,11,9259894
2018,16,104620927,3,9,9259893
2018,5,104617660,5.4,3,9269744
2018,5,104620951,1,1,9269747
2018,5,104625543,0.01,1,9264812
2018,12,104617983,3.92,1,9259937
2018,5,105390515,15.7,1,9414712
2018,5,105394467,1,11,9409905
2018,5,105394467,5.15,1,9409906
2018,12,105388756,0.5,1,9409921
2018,12,105394629,1.2,1,9414742
2018,5,105394783,1,1,9409954
2018,5,105390789,1,1,9399233
2018,5,105390843,1,1,9414791
2018,12,101888426,5,9,8785111
2018,12,101888426,6.55,1,8785109
2018,12,101889343,0.9,1,8785210
2018,17,101889755,,,8785270
2018,5,101890060,1,11,8785293
2018,5,101890060,32.65,1,8785294
2018,5,105394612,6.6,1,9414738
2018,13,105388780,1,9,9409929
2018,12,105394671,4,9,9399208
2018,16,105394671,12,9,9414748
2018,13,105394671,12,9,9414749
2018,5,105394887,6,1,9399231
2018,12,105388985,1,11,9399235
2018,12,105389040,2.89,1,9414790
2018,12,101888100,1,11,8785044
2018,2,101889947,1,1,8785289
2018,5,101889320,1.5,1,8785208
2018,5,101889407,1.3,1,8785220
2018,5,102197665,1.42,1,8834570
2018,16,102197665,1.55,1,8834571
2018,5,102198600,10.1,1,8834793
2018,8,102198600,2,9,8834792
2018,5,102198637,1.6,1,8834795
2018,5,102198642,1,11,8834796
2018,12,102198903,1.5,1,8834851
2018,5,102199075,1,11,8834892
2018,5,102200919,1,1,8835134
2018,12,102201005,0.45,1,8835147
2018,5,102201005,70,1,8835146
2018,5,102201321,3,1,8835182
2018,5,102201469,6.8,1,8835203
2018,12,102201469,4,1,8835204
2018,5,102201504,10.1,1,8835213
2018,5,102201587,2.7,1,8835228
2018,12,102197787,1,11,8834601
2018,16,102197905,1,11,8834633
2018,5,102197905,1,11,8834634
2018,12,102198766,1,11,8834813
2018,5,102199384,0.3,1,8834946
2018,12,102199902,1,1,8835008
2018,12,102199962,27.7,1,8835018
2018,17,102201459,1,11,8835201
2018,5,102201459,6.08,1,8835202
2018,5,102197390,0.5,1,8834504
2018,5,102197627,3.25,1,8834560
2018,5,102199226,3.8,1,8834916
2018,2,102199798,3,1,8834990
2018,5,102200204,1,9,8835049
2018,12,102201135,1,11,8835165
2018,5,102201517,5.4,1,8835214
2018,5,102201536,1,9,8835217
2018,14,102198779,2,9,8834816
2018,12,102199919,1,1,8835010
2018,5,102200037,3,1,8835030
2018,16,102197997,10,9,8834653
2018,12,102198288,0.1,1,8834721
2018,5,102198288,0.4,1,8834723
2018,2,102198881,0.15,1,8834844
2018,5,102198960,0.06,1,8834861
2018,5,102199243,1.9,1,8834920
2018,11,102200291,5,9,8835058
2018,12,102201219,2.2,1,8835178
2018,5,102199177,66.7,1,8834908
2018,12,102200584,11.7,1,8835098
2018,12,102201119,0.5,9,8835163
2018,5,102201188,0.3,1,8835174
2018,5,102199083,1,11,8834893
2018,5,102199272,2.02,1,8834925
2018,8,102199438,0.2,1,8834952
2018,12,102200457,3.4,1,8835076
2018,5,102201539,4.9,1,8835218
2018,12,102197699,0.79,1,8834579
2018,5,102198206,0.97,1,8834692
2018,12,102198279,0.8,1,8834718
2018,12,102198388,3.5,1,8834763
2018,5,102198388,1.2,1,8834765
2018,12,102198734,0.5,1,8834805
2018,5,102198899,5,1,8834850
2018,12,102199294,1,11,8834931
2018,5,102199294,1,1,8834930
2018,17,102199294,53,9,8834932
2018,5,102200358,4,1,8835066
2018,5,102201546,3,1,8835219
2018,12,101888032,0.3,1,8785033
2018,5,101888326,0.58,1,8785086
2018,5,101888395,4.04,1,8785099
2018,12,105390528,1,11,9409893
2018,12,105390528,1.13,1,9409894
2018,8,105390528,2,9,9409892
2018,5,105394454,1.18,1,9399189
2018,12,105394454,0.18,1,9409901
2018,12,105390562,0.08,1,9409903
2018,12,105394513,0.78,1,9409916
2018,5,105388758,2.1,1,9399201
2018,2,105388772,0.01,1,9409926
2018,5,105389034,28.8,1,9409976
2018,5,105390874,1,11,9399246
2018,12,101888454,1,11,8785115
2018,12,101888454,1.05,1,8785114
2018,5,101888454,0.58,1,8785116
2018,16,101888546,3,9,8785129
2018,5,101888658,1,11,8785150
2018,12,101889365,1,11,8785214
2018,5,101889365,1.2,1,8785215
2018,12,101888403,1.54,1,8785103
2018,12,101888458,0.75,1,8785117
2018,5,101888458,1,11,8785118
2018,16,101888645,26,9,8785146
2018,5,101888645,0.07,1,8785148
2018,5,101889254,,,8785196
2018,5,104617600,1,3,9269738
2018,4,104617600,0.4,1,9269737
2018,5,104617855,226,1,9264853
2018,2,101888411,0.07,1,8785106
2018,16,101888411,1,9,8785107
2018,5,101888487,1,11,8785122
2018,12,101888487,6.81,1,8785121
2018,12,101888605,1,11,8785137
2018,5,101889473,7,1,8785233
2018,5,101888314,1,9,8785085
2018,16,101889294,1,11,8785205
2018,5,101889770,5,9,8785271
2018,12,105388797,0.75,1,9409931
2018,16,105388814,5,9,9409935
2018,5,105389063,5.76,1,9409979
2018,17,105391077,,,9414826
2018,12,102197832,1.92,1,8834615
2018,5,102197832,2.64,1,8834616
2018,5,102199048,52,1,8834891
2018,16,102199556,60,9,8834965
2018,16,106064249,25,9,9572766
2018,12,106064249,0.7,1,9577767
2018,5,106064249,0.01,1,9572765
2018,5,106055717,1.37,1,9577783
2018,12,106064402,0.7,1,9582665
2018,5,106055921,1.5,1,9577827
2018,12,106055921,0.9,1,9572818
2018,12,106060074,,,9577847
2018,12,102197893,1,1,8834629
2018,12,102198792,1,11,8834824
2018,8,102199836,1.4,1,8834997
2018,2,102199992,8,1,8835024
2018,5,102200970,0.13,1,8835143
2018,12,102197783,56.35,1,8834595
2018,12,102197783,1,11,8834596
2018,5,102197783,40.94,1,8834597
2018,5,102198884,1,1,8834845
2018,5,102199308,0.68,1,8834935
2018,5,102199764,0.4,1,8834986
2018,12,102201183,,,8835172
2018,5,102201183,,,8835173
2018,5,102201323,0.011,3,8835183
2018,5,102197920,3.76,1,8834640
2018,8,102199149,,,8834902
2018,12,102199278,3,9,8834928
2018,12,102199566,1,1,8834968
2018,5,102200214,122,1,8835051
2018,5,102200423,8,1,8835071
2018,5,102198205,16.51,1,8834691
2018,16,102198205,1,9,8834690
2018,12,102198302,0.01,1,8834732
2018,12,102198762,1,1,8834810
2018,17,102198762,5,9,8834811
2018,8,102199032,3,9,8834887
2018,5,102199032,16.5,1,8834888
2018,5,102199202,5,1,8834910
2018,5,102199494,1.3,1,8834961
2018,5,102199708,1,11,8834982
2018,11,102200516,6,9,8835083
2018,12,102200956,1.3,1,8835140
2018,12,102201033,0.82,1,8835153
2018,5,102201395,2.7,1,8835188
2018,5,102201505,0.2,1,8835212
2018,12,102201505,0.001,1,8835211
2018,4,102201684,0.18,1,8835235
2018,12,102201684,1.95,1,8835234
2018,12,102197572,1,3,8834548
2018,5,102197828,3.66,1,8834617
2018,12,102197878,0.69,1,8834627
2018,5,102199271,4,10,8834926
2018,5,102199271,1,11,8834924
2018,5,102199348,7,1,8834937
2018,8,102199420,0.57,1,8834950
2018,5,102199420,6.44,1,8834949
2018,5,102199631,4,1,8834977
2018,5,102199808,66.2,1,8834993
2018,8,102199923,1,9,8835012
2018,5,102199923,11,1,8835011
2018,5,102200361,1,1,8835067
2018,12,102200385,4.2,1,8835069
2018,17,102201470,1,9,8835205
2018,12,102201470,0.001,1,8835206
2018,12,102197792,1,11,8834603
2018,16,102197792,1,9,8834605
2018,5,102198830,2,1,8834838
2018,5,102200265,1,9,8835054
2018,5,102197908,0.36,1,8834636
2018,5,102200129,10,1,8835041
2018,5,102201115,10,1,8835161
2018,12,102197785,0.64,1,8834598
2018,5,102197785,0.44,1,8834599
2018,12,102198764,1,1,8834812
2018,5,102198907,1.5,1,8834854
2018,5,102199581,1,11,8834972
2018,12,102199987,6,1,8835019
2018,5,102199987,1,11,8835021
2018,5,102199987,9,1,8835020
2018,5,102200538,53,1,8835086
2018,16,102198389,1,9,8834764
2018,5,102199415,4,1,8834948
2018,12,102199936,1,9,8835013
2018,12,102200026,4.64,1,8835028
2018,12,102200404,1,9,8835070
2018,5,102197812,4.86,1,8834609
2018,4,102198572,1,11,8834787
2018,5,102198893,0.04,1,8834849
2018,5,102199291,3.4,1,8834929
2018,12,102201008,126,1,8835148
2018,5,102201011,,,8835149
2018,5,117455952,65,1,11773842
2018,5,117455952,35,9,11773843
2018,5,117443015,4.55,1,11772849
2018,12,108137586,54.48,1,9952153
2018,12,107268675,0.1,9,9805325
2018,12,107268782,0.2,1,9810624
2018,12,107279301,0.8,1,9805399
2018,5,107279429,1,11,9813790
2018,17,107279429,1,11,9805416
2018,5,107279479,7,1,9810700
2018,5,107274091,1.3,1,9805441
2018,12,107274091,3.9,1,9813808
2018,5,107273168,2.9,1,9805305
2018,12,107277335,1,11,9810616
2018,5,107268722,34.47,1,9810617
2018,12,107268722,1,11,9813712
2018,5,107280552,7.6,1,9805603
2018,5,107277449,1,1,9810628
2018,12,107273417,0.1,1,9805351
2018,5,107273417,1,1,9813735
2018,5,107268828,0.5,1,9805354
2018,5,107273432,7,1,9805356
2018,11,107273432,5,1,9810640
2018,2,107269058,1,1,9813762
2018,5,107279226,10.8,1,9813769
2018,5,107278122,11.57,1,9810684
2018,17,107274014,,,9805421
2018,5,107284991,4,1,9813928
2018,12,107285027,1,11,9805563
2018,5,107285071,0.7,1,9805580
2018,12,107280539,1,11,9813965
2018,5,107280689,6,1,9813979
2018,12,107280695,1,11,9805617
2018,16,107285261,4,9,9805621
2018,5,107285261,0.01,1,9805620
2018,5,107289578,1.4,1,9810878
2018,17,107285437,,,9810880
2018,12,107280947,2,1,9813999
2018,17,107280947,2,1,9805644
2018,5,107268549,2,1,9813672
2018,5,107268619,2.9,1,9805318
2018,5,107277376,5.61,1,9813718
2018,12,107277386,1,1,9805340
2018,5,107284972,1,11,9810817
2018,5,107280556,9.8,1,9813968
2018,5,107289359,1,11,9810858
2018,5,107289359,17,1,9813977
2018,12,107285257,0.001,1,9810863
2018,12,107289583,8.1,1,9813998
2018,17,107289602,,,9805643
2018,5,107273982,23.99,1,9805419
2018,5,107274024,1,1,9805427
2018,16,107274024,3,9,9805426
2018,12,107278330,0.82,1,9810716
2018,12,107274156,1,11,9805452
2018,12,107274156,3.8,1,9805451
2018,16,107274162,3,9,9813823
2018,12,107279629,0.6,1,9813830
2018,12,107278419,1,11,9805461
2018,1,107279663,0.7,1,9813841
2018,2,107278486,3.8,1,9813850
2018,5,107278540,1,1,9805482
2018,8,107278543,35,9,9805483
2018,5,107279865,0.5,1,9810773
2018,5,107279987,15.21,1,9813873
2018,8,107280047,1,11,9810782
2018,12,107280144,,,9813878
2018,12,107280198,1.2,1,9810794
2018,16,107279199,5,9,9810830
2018,12,107279199,0.18,1,9813941
2018,5,107285037,54.98,1,9805565
2018,12,107285037,2.09,1,9805564
2018,5,107289240,2.2,1,9805579
2018,5,107280501,1.6,1,9810840
2018,5,107285083,13,1,9810842
2018,12,107289272,3,9,9813960
2018,12,107289292,0.1,1,9810852
2018,5,107285127,1,11,9805605
2018,12,107280701,0.001,1,9813983
2018,5,107280871,,,9805634
2018,16,107280871,,,9813992
2018,5,107280896,1.4,1,9810876
2018,5,106059448,5.64,1,9577769
2018,12,106059448,1.11,1,9572768
2018,12,106059448,1,11,9577768
2018,9,106059510,1,9,9577781
2018,12,106059510,1,9,9582631
2018,12,106059613,3.6,1,9577805
2018,12,106055968,0.3,1,9572822
2018,12,107277154,1,9,9810564
2018,5,107285006,1,11,9805558
2018,5,107274163,1,11,9810724
2018,12,107268676,1.16,1,9813698
2018,5,107268676,0.78,1,9810597
2018,12,107277283,1,11,9810600
2018,5,107273390,1,1,9805346
2018,12,107277571,0.4,1,9810649
2018,11,107277647,1,9,9810652
2018,2,107277692,8,1,9810656
2018,12,107269023,4,1,9813758
2018,2,107269048,24,1,9810664
2018,5,107277780,2,1,9810668
2018,17,107279235,,,9805386
2018,5,107279417,1,11,9810687
2018,17,107279417,11,9,9810686
2018,14,107279417,24,9,9813787
2018,5,107273972,1,11,9805417
2018,12,107279463,13,1,9813793
2018,12,107274016,2,1,9813795
2018,8,107274016,98,9,9813796
2018,12,107279590,1,11,9813820
2018,5,107278539,1,1,9805481
2018,5,107278638,1,1,9810769
2018,5,107278639,28.01,1,9810771
2018,12,107278639,21.312,1,9810770
2018,5,107280172,26,1,9813882
2018,5,107279051,5.46,1,9805533
2018,12,107289222,1,11,9813946
2018,5,107289274,6.7,1,9805596
2018,12,104625584,0.01,1,9259897
2018,5,104625597,0.5,1,9269770
2018,12,104625611,1.64,1,9264834
2018,12,104625657,0.2,1,9264838
2018,5,104625657,0.3,1,9269779
2018,5,104617685,2.36,1,9269751
2018,2,104625683,0.5,1,9264841
2018,5,104621141,23,1,9259925
2018,11,110409915,1,1,10356348
2018,5,110419780,0.5,1,10351346
2018,5,110415089,1,1,10351351
2018,12,104620911,1,11,9264790
2018,12,104620997,1,11,9259904
2018,4,104621117,1,11,9264862
2018,5,104617900,0.002,1,9269793
2018,1,104617900,1.161,1,9269792
2018,9,104617900,4,9,9259918
2018,5,104617928,0.815,1,9264867
2018,12,117448696,0.815,1,11766623
2018,8,104617939,3,9,9259933
2018,12,104625537,0.5,1,9269753
2018,12,104625576,1,11,9269767
2018,18,104625576,,,9264824
2018,5,104625576,1,11,9269768
2018,12,104617749,1,11,9269769
2018,5,104617755,1,11,9264833
2018,12,104620960,0.94,1,9259898
2018,5,104625619,0.1,1,9264836
2018,5,104617785,0.51,1,9269777
2018,12,104620995,1,11,9259903
2018,5,104617822,27,1,9264846
2018,12,104625817,1,1,9264858
2018,5,104617907,16.4,1,9264865
2018,12,104617620,0.2,1,9269740
2018,12,104625567,3,1,9264821
2018,5,104625567,0.72,1,9269764
2018,12,104625691,1,11,9259905
2018,5,105388643,0.24,1,9399186
2018,12,105388643,0.3,1,9409896
2018,16,105388643,2,9,9409895
2018,12,105388700,1,11,9409909
2018,5,105390650,0.01,1,9414740
2018,11,105394795,5,9,9399227
2018,12,105388971,1,9,9409963
2018,12,105395424,1,11,9409994
2018,12,105394508,1,11,9414728
2018,12,105394861,1,9,9414767
2018,17,104617664,1,11,9264799
2018,8,104617664,3,9,9264800
2018,12,104617664,1,11,9264801
2018,12,104617721,1,11,9269763
2018,5,104617721,1,11,9269762
2018,15,105390514,1,9,9399184
2018,16,105390570,44,9,9409910
2018,5,105394659,0.001,1,9409932
2018,12,105394664,2,9,9414745
2018,12,105394666,,,9399207
2018,12,105390703,1,11,9399211
2018,5,105394724,0.46,1,9399220
2018,5,105394904,104,1,9409965
2018,12,105394904,1.5,1,9414773
2018,3,105389016,41.9,1,9409971
2018,17,105389039,,,9399242
2018,5,105390856,5.1,1,9414796
2018,5,105399150,1.4,1,9399258
2018,1,105399150,0.3,1,9409988
2018,17,105395375,,,9414825
2018,5,106064323,9.2,1,9582637
2018,5,106059596,1,1,9572791
2018,5,106059462,1.34,1,9577774
2018,12,106059462,0.29,1,9572772
2018,12,106059466,0.32,1,9572774
2018,5,106059473,3.14,1,9572775
2018,5,106055794,1,1,9582655
2018,5,106059992,0.5,3,9577842
2018,5,106064717,20,1,9572838
2018,12,106060204,2.1,1,9572839
2018,12,106055860,13,1,9572805
2018,5,106055860,4,1,9572806
2018,17,106064475,,,9582675
2018,12,106064660,1,9,9577848
2018,12,107274175,20.95,1,9810731
2018,16,107278716,1,11,9805498
2018,5,107279093,1,11,9810800
2018,12,107289479,0.1,1,9805626
2018,12,107289590,61.1,1,9805642
2018,4,107289590,1.7,1,9810879
2018,5,116455970,1,9,11491103
2018,12,116455970,8,1,11491102
2018,5,116459998,10,1,11505122
2018,5,107284400,1,11,9813867
2018,12,107278857,1,1,9810784
2018,5,107279083,5,1,9810797
2018,12,107279189,1,11,9813936
2018,12,107285022,0.26,1,9813937
2018,5,107285075,2,1,9805584
2018,5,107289267,10,1,9805592
2018,12,107285126,1.1,1,9810853
2018,16,107284526,3,9,9810779
2018,17,107279049,,,9805532
2018,12,107280704,0.002,1,9813985
2018,5,106064372,1,1,9582658
2018,5,106059841,2.1,1,9577830
2018,12,106056162,1,11,9572835
2018,12,108137571,6.161,1,9952146
2018,5,108133850,14,1,9949133
2018,5,108137581,1,11,9952151
2018,17,108137581,0.47,1,9952150
2018,5,108141165,24.908,1,9952155
2018,5,108141165,12,10,9952156
2018,12,107280550,0.5,1,9805602
2018,5,107268640,1,1,9813697
2018,5,107277272,1,11,9810595
2018,5,107273320,1,11,9810613
2018,12,107273320,5.05,1,9810612
2018,5,107268747,0.01,1,9813716
2018,12,107268747,0.01,1,9813715
2018,12,107268841,0.8,1,9813739
2018,5,107273515,12,1,9805367
2018,5,107273554,4,1,9805373
2018,5,107277950,11.79,1,9805387
2018,4,107278013,0.4,1,9810677
2018,12,107278013,0.8,1,9805400
2018,5,107284899,1,11,9813895
2018,5,107289352,8,1,9810855
2018,5,107273184,58.001,1,9813673
2018,12,107273189,24,1,9813677
2018,5,107273189,1,1,9813678
2018,12,107273884,1,11,9805410
2018,12,107280421,0.1,1,9813935
2018,12,107280421,1,11,9810824
2018,5,107289426,0.01,1,9810865
2018,5,107285376,6,1,9813991
2018,12,107289635,,,9810881
2018,5,107268611,3.077,1,9813692
2018,12,107268636,0.6,1,9813696
2018,5,107277271,1,11,9810593
2018,12,107273293,1,11,9810598
2018,12,107277284,1,11,9813699
2018,5,107268732,5,1,9813714
2018,12,107277397,10.5,1,9813724
2018,5,107268780,2,1,9813726
2018,5,107277411,140.1,1,9805344
2018,12,107277411,8.1,1,9813728
2018,2,107277411,8.5,1,9810625
2018,5,107277457,1.1,1,9810629
2018,5,107268836,1.88,1,9813737
2018,17,107268836,1,11,9813738
2018,12,107273461,0.2,1,9810647
2018,12,107268966,2,1,9805368
2018,12,107273532,1,9,9805369
2018,12,107269016,1,9,9810660
2018,12,107269022,1,1,9813757
2018,5,107269027,64,1,9813759
2018,5,107285382,14,1,9810870
2018,5,107273613,0.83,1,9813763
2018,17,107273861,1,11,9810676
2018,5,107273861,3.5,1,9810675
2018,5,107279475,2,1,9813798
2018,12,107279475,30.6,1,9813797
2018,12,107285021,1,11,9805561
2018,5,107280497,1.3,1,9805583
2018,5,107285099,12,1,9813961
2018,16,107285382,1,11,9805636
2018,5,107280876,0.25,1,9813993
2018,5,107289559,5.5,1,9810871
2018,5,107289564,1,1,9810874
2018,12,108133811,1,11,9949126
2018,12,107278440,0.11,1,9810740
2018,5,107278636,5,1,9810768
2018,5,107280048,1,11,9810783
2018,12,107284756,,,9805517
2018,5,107284756,,,9805518
2018,12,107280254,1,11,9805535
2018,12,107289212,0.1,1,9810831
2018,5,107280524,0.1,1,9805594
2018,5,107280703,0.65,1,9810866
2018,12,107278232,0.4,1,9810703
2018,5,107278240,15.9,1,9813802
2018,5,107279620,1,11,9813828
2018,5,107279620,0.6,1,9813829
2018,2,107279620,1.01,1,9805458
2018,5,107278413,1,1,9810736
2018,12,107284591,0.9,1,9813874
2018,2,107278809,3.65,1,9810781
2018,12,107278817,1,9,9805502
2018,16,107278817,0.2,5,9805503
2018,5,107280145,1,1,9813877
2018,1,107284841,0.01,1,9813888
2018,11,107278946,19.1,1,9810786
2018,5,107278946,7.3,1,9810787
2018,12,107280440,0.97,1,9805566
2018,5,107280440,42.5,1,9813942
2018,5,107285077,1,11,9813950
2018,8,107289358,10,9,9813975
2018,5,107268552,2.8,1,9805306
2018,12,107273314,1,11,9813704
2018,12,107273316,0.44,1,9810611
2018,12,107268897,211.4,1,9805364
2018,5,107273891,1,1,9813781
2018,5,107278044,1,1,9813782
2018,8,107273985,1,9,9813791
2018,5,107273985,1,9,9813792
2018,5,107273985,2.21,1,9810691
2018,5,107274002,8.15,1,9805420
2018,12,107284959,6.96,1,9813919
2018,5,107280378,38.72,1,9810818
2018,5,107280379,0.31,1,9813925
2018,12,107285040,1,11,9805568
2018,5,107285040,11.91,1,9805567
2018,5,107280510,10.6,1,9805588
2018,5,107285339,2,1,9805629
2018,12,107285339,1.25,1,9805628
2018,5,107280881,1,1,9810872
2018,5,107289575,2,1,9805639
2018,5,107284963,9.25,1,9805549
2018,12,107284963,1.8,1,9805548
2018,12,107280391,0.005,3,9813927
2018,12,107280466,2.6,1,9805574
2018,5,107289243,14,1,9813949
2018,5,107280613,1,9,9813976
2018,12,107285399,1,11,9805638
2018,5,107278605,5,1,9810759
2018,12,107279836,1,1,9810763
2018,16,107279836,30,9,9810764
2018,18,107279836,,,9810765
2018,17,107284625,1,11,9805504
2018,16,117442978,0.02,1,11772806
2018,5,117442978,2.2,1,11772805
2018,5,117442981,4.5,1,11772809
2018,5,117442982,4.9,1,11772810
2018,2,117442985,1,1,11772813
2018,5,117443003,96.2,1,11772838
2018,16,117443003,2.7,1,11772839
2018,12,117443007,3.09,1,11772842
2018,16,107279478,51,9,9810699
2018,5,107279664,2.8,1,9813842
2018,5,107280638,7,1,9805616
2018,5,107278684,5.5,1,9810775
2018,5,107284838,3.5,1,9813887
2018,12,107280238,25,1,9805531
2018,12,107279055,1,11,9805534
2018,12,107284974,1,11,9813926
2018,5,107289269,0.7,1,9813959
2018,12,107280606,10,1,9810856
2018,8,107280606,15,9,9810857
2018,16,107280733,1,11,9813986
2018,5,107280803,2.3,1,9810867
2018,12,106064376,3.56,1,9582659
2018,5,106064705,76.1,1,9582692
2018,12,106064759,0.86,1,9582700
2018,4,104617672,1.4,1,9269746
2018,12,104617672,0.01,1,9264802
2018,12,104617686,0.725,1,9269752
2018,4,104617719,1,11,9269760
2018,12,104617719,1,11,9264820
2018,16,104617719,6,9,9264819
2018,5,104625568,0.48,1,9264822
2018,5,104617754,49.8,1,9264831
2018,12,104617758,0.84,1,9269772
2018,5,104625673,4.7,1,9269783
2018,11,104617824,1,9,9264847
2018,5,104625820,8.3,1,9264859
2018,5,106064284,1,1,9582629
2018,5,106059519,29,1,9577782
2018,5,106064371,0.1,1,9577802
2018,5,106059891,11.5,1,9577831
2018,5,106056155,1,11,9572834
2018,5,106064333,1.6,1,9577792
2018,5,106064368,140,1,9577798
2018,5,106059987,31,1,9577841
2018,12,106060123,1.04,1,9577853
2018,12,106064703,1,11,9582690
2018,5,105388782,0.8,1,9409930
2018,5,105390764,5,1,9399228
2018,12,105390838,1.85,1,9399240
2018,5,105390914,1.2,1,9399255
2018,8,105390914,7,9,9399256
2018,16,105390914,22,9,9399254
2018,12,105395174,0.1,1,9414807
2018,12,106055648,0.5,1,9577766
2018,12,106059567,1,1,9572789
2018,5,106055648,0.3,1,9572760
2018,2,106055668,1,11,9582626
2018,12,106059632,1,11,9582661
2018,5,105394509,0.64,1,9409914
2018,5,105390710,17.8,1,9414753
2018,12,105388886,1,1,9399225
2018,5,105388886,2,1,9409952
2018,12,105394920,1.9,1,9414775
2018,5,105389085,17.22,1,9414803
2018,12,105390909,2.9,1,9399253
2018,16,108133803,1.5,1,9949121
2018,12,108141159,1,11,9949124
2018,12,108137590,0.1,1,9952157
2018,12,108141168,1,11,9944537
2018,5,108137649,4,1,9944545
2018,12,110414553,9.3,1,10356289
2018,12,110409572,3.405,1,10361290
2018,8,106055606,1,11,9572747
2018,12,106059641,0.33,1,9577811
2018,4,106059714,1,9,9582670
2018,5,106064448,8,1,9572810
2018,5,106059803,0.01,1,9577829
2018,5,106059803,1,9,9582678
2018,12,106059803,0.04,1,9582677
2018,12,106060119,1.24,1,9577852
2018,5,106056173,0.02,1,9582699
2018,5,100162231,15.7,1,8509612
2018,5,100162300,17.1,1,8509617
2018,5,101424189,20.9,4,8707887
2018,2,101424510,1.1,1,8707929
2018,5,101424683,1,1,8707958
2018,5,101424732,2,1,8707969
2018,12,101424929,1,11,8708000
2018,12,100165172,5,1,8509931
2018,12,100165172,1,9,8509930
2018,5,101423074,1.5,1,8707485
2018,12,101423982,0.04,1,8707813
2018,5,101423982,0.06,1,8707810
2018,12,101423982,1,11,8707808
2018,12,101424128,2.76,1,8707860
2018,12,100160278,0.32,1,8509342
2018,5,100162405,0.8,1,8509634
2018,5,100162616,0.03,1,8509672
2018,12,100162640,0.01,1,8509675
2018,5,100162640,1,1,8509677
2018,5,101423138,2,1,8707516
2018,5,101423850,398.25,1,8707763
2018,12,101424108,1,11,8707855
2018,8,101424264,2,9,8707903
2018,5,101424644,2,1,8707954
2018,5,101424701,4.2,1,8707961
2018,8,101424717,1,11,8707967
2018,5,101424717,3,1,8707966
2018,5,100162323,3.3,1,8509620
2018,13,101423087,3,9,8707493
2018,8,101423087,13,9,8707494
2018,12,101423087,1,11,8707491
2018,5,101424850,1,11,8707989
2018,8,101423739,1,9,8707705
2018,5,101424151,5,9,8707871
2018,2,101424213,0.182,1,8707895
2018,5,101424230,0.002,1,8707897
2018,5,101424606,4,1,8707946
2018,5,101424640,0.7,1,8707952
2018,5,101424736,1,1,8707972
2018,12,100856231,0.001,1,8616256
2018,5,100857977,46,1,8616423
2018,16,100858063,11,9,8616435
2018,12,100859009,1,1,8616592
2018,5,101424133,10.26,1,8707861
2018,12,101424652,1,11,8707956
2018,12,100855513,3.9,1,8616119
2018,5,100855646,2.4,1,8616141
2018,5,100855833,5.674,1,8616176
2018,4,100859045,11.201,1,8616600
2018,5,100859068,1,9,8616606
2018,5,100859068,2,1,8616605
2018,17,100859068,2,9,8616607
2018,5,100855840,0.15,1,8616178
2018,12,100855840,0.565,1,8616177
2018,16,100855840,24,9,8616179
2018,5,100855546,1,11,8616125
2018,12,100855633,1,9,8616138
2018,12,100855633,4,1,8616137
2018,12,100855668,1,9,8616146
2018,12,100856003,0.62,1,8616208
2018,12,100856024,1,11,8616215
2018,5,100855999,7.34,1,8616207
2018,5,100859004,5.09,1,8616590
2018,5,100859013,1,1,8616594
2018,5,100855982,0.87,1,8616200
2018,12,100856103,7.2,1,8616238
2018,16,100859016,60,9,8616595
2018,8,100859016,3,9,8616593
2018,5,100857961,1,1,8616420
2018,5,100858022,1,1,8616429
2018,2,100858022,1,1,8616430
2018,5,100857952,0.2,1,8616419
2018,5,100162786,1.7,1,8509706
2018,12,100161364,2,1,8509483
2018,5,100160276,1,3,8509341
2018,12,100160276,1,3,8509340
2018,12,117451109,0.001,1,11771779
2018,5,100162280,2.2,1,8509616
2018,5,100160232,78.62,1,8509333
2018,12,100162792,1,11,8509708
2018,12,100164422,0.36,1,8509835
2018,12,101424649,56.6,1,8707955
2018,8,117460185,34,9,11772460
2018,12,117460233,1.5,1,11777508
2018,8,104620990,73.2,1,9269786
2018,5,104620990,42.5,1,9269785
2018,5,104621125,2707.3,1,9264866
2018,5,104621166,2,1,9264868
2018,12,106064423,1,1,9582668
2018,12,106064532,0.6,1,9582681
2018,12,106064575,1,11,9577838
2018,12,106064575,20.7,1,9577837
2018,5,105394378,1,11,9409877
2018,5,105388692,1.11,1,9409902
2018,12,105394779,1,9,9409953
2018,12,105395067,0.07,1,9399252
2018,5,106059454,1.6,1,9577772
2018,5,106059542,1.7,1,9577786
2018,8,106055744,102,9,9572785
2018,5,106055744,35.4,1,9572784
2018,12,106059623,1,3,9577808
2018,12,106055813,1.38,1,9572795
2018,5,106059739,8,1,9572811
2018,4,106060117,1,1,9577851
2018,17,106060246,,,9577866
2018,5,117448776,218.4,1,11766701
2018,4,108133799,0.022,1,9949118
2018,8,108133799,1,9,9952145
2018,5,110419591,3,1,10361325
2018,13,110410121,24.62,1,10356374
2018,5,110479926,3.6,1,10364884
2018,5,110473022,0.25,1,10360224
2018,12,110473022,0.25,1,10360223
2018,5,110477941,114.12,1,10364888
2018,5,110480085,6.71,1,10354723
2018,12,110480130,0.56,1,10354737
2018,12,110473187,,,10360266
2018,12,110480227,3.7,1,10364936
2018,12,110480260,10.3,1,10354766
2018,5,110480260,12.8,1,10354767
2018,16,110480305,10,9,10354776
2018,12,110480305,0.01,7,10354778
2018,12,110480305,138.923,1,10354777
2018,5,110478302,0.1,3,10364971
2018,5,110480578,1,1,10354829
2018,5,110481593,9,1,10354899
2018,5,110481795,6.04,1,10354912
2018,5,110479089,27.22,1,10365030
2018,2,110481856,1.26,1,10360384
2018,15,110481856,1,9,10360385
2018,16,110481856,15,9,10360383
2018,16,110481861,1,9,10354914
2018,5,110481888,0.6,1,10354915
2018,12,110481900,4,9,10360389
2018,3,110481900,2,9,10354916
2018,5,110481900,2,9,10354917
2018,12,110481903,2.22,1,10354918
2018,12,110481971,3.23,1,10365040
2018,8,110482004,1,11,10354923
2018,5,110482004,4.88,1,10354922
2018,5,108137611,,,9952165
2018,13,108137611,,,9952166
2018,5,110489390,1,11,10365065
2018,5,110482342,1,1,10354965
2018,12,110489416,1,9,10360413
2018,12,110489431,1,9,10365079
2018,12,110489431,2.33,1,10365078
2018,2,110489431,1.64,1,10365080
2018,5,110482381,1,1,10354974
2018,16,110482384,4,9,10354977
2018,5,110482384,10.02,1,10354976
2018,5,110482390,4.57,1,10365083
2018,12,110489444,5,9,10354978
2018,5,110489454,0.5,1,10365087
2018,12,110489456,1,9,10365088
2018,12,110489490,9.68,1,10365093
2018,5,110489490,2.34,1,10365094
2018,12,110489490,10,9,10365095
2018,5,110484478,0.1,3,10354992
2018,5,110482481,1,1,10354994
2018,5,110484495,1.88,1,10365098
2018,16,110484495,6,9,10365097
2018,12,110484502,5,1,10360437
2018,16,110482492,1,9,10365101
2018,12,110482492,1,9,10365100
2018,17,110482492,32.26,1,10365099
2018,12,110484509,2,9,10354995
2018,5,108137572,0.8,1,9952148
2018,12,108137572,0.975,1,9952147
2018,12,108137594,20,9,9952161
2018,5,108137665,,,9952172
2018,1,108137665,,,9944546
2018,5,106055629,1.7,1,9572750
2018,8,106059701,34,9,9577819
2018,2,106059701,5,1,9577818
2018,5,106059701,302,1,9577817
2018,5,106064677,2,1,9572830
2018,5,106064338,5.5,1,9582648
2018,4,106055985,0.7,1,9577832
2018,15,106055985,3,9,9577833
2018,4,106055985,0.67,7,9577834
2018,12,108133801,28.102,1,9949119
2018,5,108141160,0.42,1,9944535
2018,12,108141160,1,11,9944534
2018,1,105388771,1,11,9409924
2018,5,105388771,0.8,1,9414739
2018,5,105394628,5,1,9399205
2018,5,105388920,22,1,9414766
2018,17,105395368,,,9414824
2018,17,105395423,,,9414833
2018,5,105399331,45.86,1,9414839
2018,17,105399331,1,11,9409998
2018,12,105394667,1,9,9409934
2018,5,105394773,4,1,9409951
2018,2,105388940,1,9,9409958
2018,12,105394359,0.15,3,9414701
2018,5,105394462,1,11,9414720
2018,11,105388867,6,9,9409948
2018,5,105388987,1,11,9409966
2018,5,120012127,1,1,12689265
2018,17,119273554,13,9,12366094
2018,12,119919576,3.24,1,12637472
2018,12,106055698,2,9,9577780
2018,5,106059563,6.8,1,9577793
2018,12,106059639,,,9577810
2018,12,106060175,3,1,9582691
2018,12,106064722,1.3,1,9577862
2018,12,106064722,1,11,9577863
2018,5,106055642,33.962,1,9572753
2018,12,106055642,50,9,9572752
2018,5,106064254,0.1,1,9582624
2018,12,106059496,3.4,1,9582630
2018,5,106059554,3.7,1,9577791
2018,12,106055796,1,11,9582656
2018,5,106055796,132,1,9582657
2018,11,106059703,7,9,9572807
2018,12,106064480,4.53,1,9582676
2018,12,117446419,0.05,1,11766223
2018,5,117377177,20.9,1,11751726
2018,12,120548003,1.9,1,12840942
2018,5,116454661,0.01,1,11490825
2018,2,116455743,2,1,11491069
2018,12,116450055,1,11,11507564
2018,5,116455062,63,1,11490911
2018,5,116450113,1,1,11507577
2018,5,116449876,3.7,1,11507528
2018,17,116451732,,,11507921
2018,8,116444067,,,11490843
2018,12,116450254,0.2,1,11507600
2018,12,116459859,4,1,11505085
2018,9,116456111,1,9,11491138
2018,12,116451357,3.75,1,11491170
2018,12,116444104,1,1,11504925
2018,5,116444219,2.59,1,11507547
2018,12,116454765,0.001,1,11490847
2018,2,116444176,1,1,11504936
2018,5,116444176,5,5,11504937
2018,5,116444176,1,1,11504938
2018,2,116450609,4,1,11505018
2018,5,116459650,2.9,1,11507690
2018,11,116459650,0.564,1,11507689
2018,12,116449769,0.001,1,11504919
2018,2,116454785,0.502,1,11490850
2018,12,116450056,2.27,1,11507565
2018,8,116460497,15,9,11505212
2018,5,116460497,3.72,1,11505213
2018,12,116449620,0.1,1,11490823
2018,12,116450063,1,11,11490902
2018,12,116455164,2,1,11490938
2018,8,116456697,53,9,11491249
2018,5,116456697,12.9,1,11491250
2018,18,116456697,,,11491251
2018,12,116449704,9.71,1,11507490
2018,5,116455684,0.6,1,11491055
2018,5,116450107,1,1,11507575
2018,5,116450849,8,1,11507734
2018,16,116449898,,,11507532
2018,12,116454726,13.515,1,11507496
2018,2,116450059,1,11,11507566
2018,5,116450064,1,11,11507569
2018,12,116450064,0.25,1,11507568
2018,8,116454876,1,1,11504935
2018,5,116456211,12,1,11491165
2018,5,116450795,5.4,1,11507718
2018,16,116450883,4,9,11491080
2018,5,116450141,2.46,1,11507584
2018,5,116449825,0.63,1,11507518
2018,12,116449825,2.29,1,11507517
2018,5,116454845,2.8,1,11504929
2018,12,116449601,1.7,1,11490818
2018,16,116449601,111,1,11490819
2018,8,116449601,18.2,9,11507477
2018,5,116454959,1.51,1,11490884
2018,16,116454959,0.21,1,11490885
2018,12,116459640,0.4,1,11505030
2018,12,120548739,27,1,12841017
2018,12,110409779,1,11,10351309
2018,5,110409954,2,1,10356354
2018,8,110414563,10,9,10356294
2018,12,110414563,1.411,1,10351282
2018,12,110409580,1.5,1,10351284
2018,12,110409703,0.5,1,10356316
2018,12,110414896,1,9,10356349
2018,5,110419710,10,1,10361350
2018,16,110410027,1,11,10356362
2018,12,110419757,1,11,10361356
2018,5,110415062,0.5,1,10361362
2018,5,110415074,4,1,10351348
2018,5,110410327,2.5,4,10356395
2018,9,110410327,21,9,10361393
2018,12,102198295,1.3,1,8834724
2018,5,102198332,0.4,1,8834744
2018,5,102198946,0.1,1,8834859
2018,5,102199382,11.9,1,8834945
2018,5,102201080,,,8835157
2018,12,102201580,0.62,1,8835227
2018,5,102201580,0.001,1,8835226
2018,12,102201682,1,9,8835233
2018,12,102201682,0.45,1,8835232
2018,12,107273185,0.001,1,9805309
2018,12,107268568,51.3,1,9813683
2018,16,107268568,9,9,9810575
2018,5,107268568,27,1,9810576
2018,5,107277201,779,9,9810578
2018,5,107277201,772,1,9810579
2018,5,107277220,0.1,1,9805319
2018,5,107273298,3.23,1,9805327
2018,2,107273298,1.02,1,9810602
2018,12,107280362,1,11,9813917
2018,12,107273373,40,5,9805341
2018,8,107273373,2,9,9805342
2018,5,107274206,0.5,1,9805463
2018,5,107268785,4.8,1,9813727
2018,5,107273400,1.08,1,9805348
2018,5,107277440,6.2,1,9805349
2018,12,107273426,0.25,1,9810635
2018,5,107268833,1,11,9810636
2018,5,107277515,10,1,9805363
2018,12,107268886,4,1,9810648
2018,12,107277726,1,1,9810661
2018,5,107277776,25,1,9813764
2018,5,107277792,7,1,9805379
2018,17,107273669,,,9813767
2018,5,107277999,2,10,9810673
2018,12,107278010,0.4,1,9813772
2018,5,107279302,6.8,1,9813773
2018,12,107278017,6.9,1,9805401
2018,5,107279340,14.38,1,9813784
2018,5,107279385,2.87,1,9810683
2018,12,107279447,1,11,9810690
2018,17,107278193,,,9810695
2018,5,107274023,0.5,1,9805425
2018,12,107278219,2.97,1,9805431
2018,12,107279507,27,1,9810704
2018,12,107274103,1,11,9813811
2018,8,107274178,,,9805459
2018,12,107284284,0.56,1,9813857
2018,2,107278536,1,9,9805480
2018,5,104620909,1,3,9259889
2018,12,104625502,1.008,4,9264798
2018,4,104617671,5.97,1,9259895
2018,6,104617671,1,9,9259896
2018,12,104625517,1,1,9269748
2018,5,104625517,2,1,9269749
2018,12,104617684,1,11,9264808
2018,12,104625534,1,11,9264809
2018,12,104620954,1,11,9269761
2018,16,104617743,15,9,9264826
2018,12,104617769,56.6,1,9269773
2018,5,104625647,7.1,1,9269778
2018,5,104625663,4.8,1,9269780
2018,5,104617801,7.3,1,9269782
2018,5,104625678,0.16,1,9264839
2018,8,104625695,20,9,9264843
2018,5,104621048,5,1,9259914
2018,12,104621048,1,1,9259913
2018,5,104625826,4,1,9264863
2018,5,104625827,0.001,1,9264864
2018,12,104625827,0.001,1,9269794
2018,12,105390486,0.01,1,9414700
2018,12,105390578,1,11,9399193
2018,5,105390652,2.9,1,9409927
2018,2,105388863,43,1,9409947
2018,12,105390839,4.04,1,9409973
2018,17,105389078,2,9,9409984
2018,12,105389078,9,9,9399245
2018,5,105389078,1,9,9399244
2018,5,105389087,38.34,1,9414804
2018,2,105389087,27.38,1,9399251
2018,16,105389087,10,9,9414805
2018,5,101888306,1.701,1,8785082
2018,12,101889292,1,11,8785203
2018,5,101889292,1,11,8785204
2018,5,101888036,38.6,1,8785036
2018,12,101888036,8.7,1,8785035
2018,16,101888036,7,9,8785034
2018,5,101888239,1,11,8785070
2018,17,101888239,1.79,1,8785069
2018,12,101888239,15.59,1,8785068
2018,5,101888553,0.28,1,8785131
2018,5,101888313,15,1,8785084
2018,12,101888430,1,11,8785112
2018,5,117455944,122.16,1,11773832
2018,5,101888019,3,9,8785030
2018,5,101888019,3.01,1,8785029
2018,5,101888115,0.04,1,8785049
2018,12,101888251,10.07,1,8785071
2018,8,101888251,1,9,8785072
2018,5,101888298,2,1,8785080
2018,5,101889278,89.1,1,8785199
2018,12,101888094,32.84,1,8785042
2018,5,101889222,,,8785192
2018,12,101889679,0.01,1,8785260
2018,5,101888424,1.6,1,8785110
2018,2,101888472,1,11,8785119
2018,8,101889261,2,9,8785198
2018,8,101889427,1,11,8785224
2018,5,101888443,1.6,1,8785113
2018,5,101888699,51.7,1,8785153
2018,12,101888050,0.2,1,8785038
2018,3,101888172,0.5,1,8785064
2018,4,110479938,0.84,1,10360220
2018,12,110479938,0.5,1,10360221
2018,12,110480005,0.176,1,10354710
2018,5,110473129,2.3,1,10354739
2018,5,110480234,1,11,10354761
2018,5,110480235,52.3,1,10354762
2018,5,110480348,16,1,10354787
2018,8,110480348,1,9,10354788
2018,12,110480426,88.8,1,10354802
2018,12,110480427,0.05,1,10354803
2018,12,110480452,1,1,10354805
2018,5,110480452,2,1,10354806
2018,12,110480460,23.43,1,10354807
2018,5,110480460,1,1,10354808
2018,12,110480467,7.72,1,10354810
2018,5,110480469,1.5,1,10354812
2018,4,110473341,7.1,1,10354817
2018,12,110480495,3.89,1,10364966
2018,12,110480497,7.4,1,10364968
2018,5,110478277,1,3,10364969
2018,5,110480564,1,1,10354825
2018,12,108133802,4.1,1,9952149
2018,5,108133802,5.176,1,9949120
2018,12,108133809,1,11,9949125
2018,12,108133813,0.21,1,9944536
2018,12,108141169,1,11,9944538
2018,12,108137591,1,11,9952159
2018,5,101888233,5,1,8785067
2018,9,101889435,16,9,8785227
2018,11,101889435,79,9,8785226
2018,5,101889435,7.11,1,8785228
2018,12,102197800,1,11,8834607
2018,5,102197913,1.5,1,8834639
2018,12,102198111,0.64,1,8834674
2018,5,102198111,40.79,1,8834675
2018,16,102198375,2,9,8834761
2018,16,102198628,1,9,8834794
2018,5,102199207,1.07,1,8834913
2018,5,102199240,0.7,1,8834919
2018,5,102199999,24,9,8835025
2018,5,102199999,23,1,8835026
2018,12,102200117,0.89,1,8835040
2018,17,102198100,,,8834670
2018,5,102198805,8.3,1,8834831
2018,5,102199469,2.4,1,8834956
2018,2,102200296,9.3,1,8835059
2018,5,102201177,9.4,1,8835169
2018,12,102201208,1,11,8835175
2018,12,105394696,0.1,1,9414751
2018,12,105388861,1,1,9409946
2018,5,105390725,1929,1,9399222
2018,5,105388964,9,1,9414772
2018,12,105390879,25.3,1,9399249
2018,1,105390879,1,1,9399250
2018,5,105390879,9000.01,1,9409985
2018,5,102198233,2.2,1,8834700
2018,5,102198233,1,11,8834697
2018,5,102199229,4.87,1,8834917
2018,12,102199275,1.4,1,8834927
2018,5,102199468,6.5,1,8834955
2018,12,102200286,1.42,1,8835057
2018,2,102200320,2.7,1,8835062
2018,5,110409574,17.1,1,10356297
2018,12,110419597,2.7,1,10361326
2018,5,110409884,0.8,1,10351330
2018,5,110410130,4.5,1,10361368
2018,12,110415215,0.46,1,10361375
2018,8,110415215,6.5,9,10361372
2018,5,110415215,1.03,1,10361373
2018,5,110419999,4,1,10351364
2018,5,110410323,1,9,10356394
2018,12,110420000,0.1,1,10351366
2018,5,102197605,8.1,1,8834557
2018,5,102198137,3.04,1,8834682
2018,5,102199258,1.83,1,8834921
2018,5,102199474,2,1,8834957
2018,5,102200519,21,1,8835084
2018,5,102198340,2,1,8834746
2018,5,102198586,0.02,1,8834789
2018,5,102199565,1,11,8834967
2018,5,102200666,2.95,1,8835106
2018,5,102200886,1,1,8835132
2018,5,104625513,1,1,9264803
2018,5,104625539,1,1,9264810
2018,16,104625550,3,9,9269756
2018,5,104620955,1,1,9269766
2018,5,104617725,3.83,1,9269765
2018,5,104617732,0.08,1,9264823
2018,5,104617793,1,11,9259899
2018,5,104621020,2.52,1,9264849
2018,8,104621043,4,9,9259912
2018,12,104625832,0.001,1,9269795
2018,4,104625867,9,1,9269804
2018,5,104625867,2.4,1,9259931
2018,16,104621180,10,9,9269807
2018,12,104621180,1,1,9269806
2018,5,105394392,5.7,1,9414711
2018,12,105390567,1,11,9414723
2018,12,105394506,1,11,9414727
2018,5,105388759,0.8,1,9409922
2018,12,101888072,4,9,8785040
2018,12,101888160,0.5,1,8785057
2018,5,101888412,0.34,1,8785108
2018,17,101889280,,,8785200
2018,5,101889652,1,1,8785253
2018,5,101888397,0.16,1,8785100
2018,12,101888397,7.21,1,8785097
2018,5,101888694,25.9,4,8785152
2018,12,101888656,2,1,8785149
2018,8,101889354,43,9,8785211
2018,12,101889354,3.4,1,8785213
2018,5,101889510,,,8785245
2018,12,101423188,3,1,8707526
2018,12,101423300,0.1,1,8707550
2018,12,101424012,1,11,8707826
2018,5,101424012,1.28,1,8707827
2018,12,101424012,2.2,1,8707825
2018,5,101424120,1,11,8707857
2018,5,101424195,45.8,1,8707889
2018,12,101424266,1,11,8707904
2018,5,101424811,2,1,8707984
2018,12,101424854,0.1,1,8707990
2018,16,101423076,1,11,8707486
2018,5,101423076,0.9,1,8707487
2018,12,101423865,20,1,8707770
2018,5,101423933,0.82,1,8707797
2018,12,100160238,1,3,8509334
2018,5,100160715,0.16,1,8509406
2018,5,100160729,1,11,8509409
2018,5,100160729,1.65,1,8509408
2018,5,100162230,2,1,8509613
2018,12,100162690,0.33,1,8509686
2018,5,101423081,1.3,1,8707489
2018,5,101423086,7.2,1,8707492
2018,5,101424150,1,11,8707870
2018,5,101424210,14,1,8707893
2018,12,101424210,2.3,1,8707892
2018,5,101424711,1,1,8707964
2018,5,101424734,1,11,8707971
2018,4,101424918,2.28,1,8707998
2018,5,101424111,0.33,1,8707856
2018,5,101424689,0.3,1,8707959
2018,5,101424839,1,1,8707988
2018,5,100160733,2.93,1,8509410
2018,5,100162660,0.01,1,8509681
2018,12,100858066,4.304,1,8616436
2018,5,101423161,1,1,8707521
2018,5,101423336,0.1,1,8707558
2018,5,101423883,5.38,1,8707780
2018,5,101423897,1,11,8707784
2018,5,101424196,957.8,4,8707890
2018,5,101424295,1,1,8707906
2018,5,101424548,1,1,8707937
2018,4,101424576,1,1,8707939
2018,5,101424576,4.4,1,8707940
2018,8,101424942,8,9,8708003
2018,5,101425030,33,1,8708018
2018,8,101423620,15,9,8707661
2018,12,101423620,45,9,8707662
2018,12,101423620,0.25,1,8707660
2018,12,101423910,1,11,8707788
2018,5,101423959,1,11,8707802
2018,12,101424405,0.001,1,8707915
2018,17,101424405,0.5,1,8707914
2018,5,100856153,4.6,1,8616244
2018,5,100858011,4.5,1,8616428
2018,16,100860572,1,1,8616697
2018,5,100856178,1,11,8616246
2018,5,100856241,1.5,1,8616259
2018,5,100856194,0.5,1,8616247
2018,12,100856232,0.01,1,8616257
2018,5,100856263,3,1,8616263
2018,5,100857978,0.01,1,8616424
2018,5,100857968,2.1,1,8616421
2018,8,100855512,34,9,8616117
2018,5,100855512,5.48,1,8616118
2018,12,100855533,1,3,8616124
2018,5,100855864,1,11,8616184
2018,12,100855864,0.21,1,8616183
2018,12,101423661,24,1,8707678
2018,5,101424190,10.3,1,8707886
2018,12,101424212,0.002,1,8707894
2018,5,100160827,2.9,1,8509425
2018,5,101424184,0.64,1,8707883
2018,12,100160701,1,11,8509403
2018,5,100160671,1,11,8509400
2018,12,110409696,1,11,10356314
2018,5,110419592,0.001,1,10361324
2018,5,110409956,11,1,10356355
2018,5,110419706,14,1,10361349
2018,5,110419805,0.7,1,10356369
2018,5,101888045,9.3,1,8785037
2018,5,101889253,1,11,8785195
2018,12,101889388,4,1,8785219
2018,12,104625468,0.01,1,9264796
2018,12,101888273,2,1,8785076
2018,5,101889251,1,11,8785194
2018,12,101889701,1,11,8785266
2018,12,101889969,1,9,8785291
2018,5,101888025,1,1,8785031
2018,12,101888335,0.1,1,8785088
2018,12,110409557,0.432,1,10351279
2018,17,110409557,12,9,10351280
2018,12,110409874,0.1,1,10361332
2018,5,110410300,0.06,1,10361384
2018,5,110415291,1,1,10351365
2018,16,110410328,93,9,10356397
2018,5,110410328,1,11,10356396
2018,12,110409622,0.28,1,10356306
2018,5,110409918,7.61,1,10351336
2018,12,110410034,28.77,1,10361358
2018,12,110419988,12,1,10356385
2018,5,110415021,1,11,10361355
2018,5,110480232,1,11,10354760
2018,5,110480232,41.7,1,10364937
2018,12,110473312,2.25,1,10360289
2018,18,110473318,,,10360292
2018,5,110473318,1,11,10360291
2018,16,110473318,10.5,9,10360290
2018,12,110478267,2.52,1,10360302
2018,4,110473339,2.4,1,10360304
2018,5,110473356,616,1,10360316
2018,3,110473356,395,1,10360315
2018,4,110482334,1,9,10360407
2018,18,110482334,,,10360408
2018,17,110482334,27,9,10360405
2018,5,110482351,1,1,10365073
2018,12,110489422,1,11,10365076
2018,16,110473308,1,9,10360288
2018,12,110473326,1.84,1,10360293
2018,5,110482355,1,11,10354968
2018,5,110482389,1,9,10365085
2018,5,110414869,2,1,10361337
2018,12,110414869,0.1,1,10361338
2018,11,110419675,1,9,10361341
2018,5,110414914,10,1,10361343
2018,12,110414914,1.6,1,10351337
2018,8,110419755,1,11,10356363
2018,12,110410038,0.3,1,10356364
2018,12,110415080,8,1,10361365
2018,4,110419954,1,1,10361374
2018,12,110415269,1,9,10356387
2018,12,110480309,0.001,1,10354780
2018,5,110473233,14,1,10360278
2018,12,110473233,2.476,1,10360277
2018,12,110484391,1,11,10354970
2018,12,110484402,1,9,10360416
2018,12,110484487,0.6,1,10360434
2018,12,110419484,,,10356313
2018,5,110410248,0.75,1,10361376
2018,1,110410248,1.16,1,10351356
2018,12,110410319,0.65,1,10361391
2018,12,110415857,1,9,10351385
2018,12,110414669,1,1,10356323
2018,5,110414738,3.6,1,10351310
2018,5,110419678,5,1,10356350
2018,5,110419686,11,1,10351338
2018,5,110415064,1,1,10361363
2018,5,110415064,1,9,10356367
2018,5,110410317,9,1,10356392
2018,12,110473329,2,1,10360299
2018,12,110480476,0.1,5,10354815
2018,5,110474086,2.7,1,10360372
2018,12,110473045,1,11,10360228
2018,16,110473327,1,9,10360295
2018,12,110473327,1.4,1,10360294
2018,12,110473327,1,9,10360296
2018,12,110480490,6.9,1,10360305
2018,5,110478072,2.4,1,10364914
2018,12,110473328,1.65,1,10360297
2018,4,110473328,1.71,1,10360298
2018,12,110473353,3.63,1,10360314
2018,8,110474201,13,9,10360388
2018,2,110474201,1.04,1,10360387
2018,5,110474201,54.39,1,10360386
2018,5,110484413,6,1,10360419
2018,12,110484413,1,11,10360418
2018,4,110489448,32.6,1,10365086
2018,5,110482439,2,9,10354986
2018,5,110480078,0.08,3,10360241
2018,16,110478274,2,9,10364965
2018,8,110482002,189,9,10365041
2018,16,110482002,60,9,10354921
2018,12,110484372,1.7,1,10360406
2018,5,110484244,2.46,1,10365039
2018,5,110409560,6.8,1,10351281
2018,5,110409706,1.75,1,10356317
2018,12,110419635,0.35,1,10351327
2018,12,110419635,1,11,10361331
2018,17,110419635,1,11,10356343
2018,17,110419835,,,10361367
2018,12,110409628,0.2,1,10351292
2018,16,110419491,1,9,10356315
2018,8,110480172,1,11,10354742
2018,5,110473307,2,1,10360287
2018,4,110478268,4.37,1,10354816
2018,12,110489391,0.67,1,10360401
2018,12,110482340,0.05,1,10365066
2018,5,110484426,0.24,1,10365082
2018,5,110484426,3,9,10365084
2018,3,110482436,1,9,10354985
2018,12,110482449,2,9,10365089
2018,12,110489505,0.7,1,10365096
2018,4,110484383,1.1,1,10360412
2018,11,110484462,7,9,10360426
2018,5,110484462,11,10,10365090
2018,12,110484472,0.62,1,10360428
2018,16,110484472,6,9,10360429
2018,5,110480086,6.05,1,10354724
2018,12,110480128,1.58,1,10364912
2018,12,110480461,1.36,1,10354809
2018,12,110489400,0.56,1,10354963
2018,4,110489400,2.38,1,10354964
2018,18,110489406,,,10354966
2018,12,110489406,1,9,10365072
2018,5,110489406,1,9,10365071
2018,5,110484433,2,1,10360420
2018,5,110489464,1,11,10360422
2018,12,117456052,0.556,1,11773945
2018,12,108133808,1,11,9949123
2018,12,110477951,0.008,1,10360229
2018,5,110477951,0.33,1,10364891
2018,5,110478077,5,1,10364916
2018,8,110480168,,,10364918
2018,5,110480223,94.2,1,10354759
2018,12,110473190,1,11,10364938
2018,12,110473334,1,11,10360301
2018,12,110473334,1.84,1,10360300
2018,5,110481969,7.4,1,10354919
2018,5,108133851,0.57,1,9952170
2018,5,110409655,6,1,10356308
2018,5,110409806,2.4,1,10351315
2018,5,110419640,6,1,10351328
2018,5,110477862,1.5,1,10360217
2018,5,110477947,520.31,1,10364889
2018,5,110478006,17,1,10360242
2018,12,110480450,0.12,1,10354804
2018,12,110480475,8.5,1,10354813
2018,5,110480475,0.5,1,10354814
2018,12,110478316,1,1,10360317
2018,17,110482359,2,9,10354969
2018,16,110482422,16,9,10354983
2018,5,110473048,1.66,1,10364890
2018,12,110473144,0.2,1,10364919
2018,5,110473144,1,11,10360256
2018,12,110473342,1.88,1,10360306
2018,5,110480501,0.31,1,10360309
2018,12,110473349,2747,1,10354822
2018,2,110473349,141,1,10360313
2018,5,110481757,0.51,1,10354910
2018,12,110481776,0.02,1,10354911
2018,5,110479106,12.77,1,10365031
2018,7,110479130,0.02,1,10365036
2018,4,110484368,4,9,10360403
2018,4,110484368,12,1,10360402
2018,17,110489412,7,1,10365074
2018,12,110484397,1.29,1,10365077
2018,12,110484397,5,9,10360414
2018,12,110482469,24.22,1,10354989
2018,16,110482469,24,9,10360432
2018,8,110482469,100,9,10360430
2018,12,110482477,0.94,1,10360433
2018,12,110482477,1,9,10354993
2018,12,110489511,1,11,10365103
2018,12,108133806,0.33,1,9944533
2018,5,108133833,4,1,9944543
2018,5,105394631,1,1,9414743
2018,12,105388802,9,9,9414746
2018,5,105395028,1,11,9414800
2018,5,105395063,108,1,9409986
2018,12,105390702,2.22,1,9399210
2018,12,105390708,7,1,9399213
2018,12,105394970,0.52,1,9414784
2018,12,105394982,6.91,1,9414787
2018,5,105394982,6,9,9414788
2018,5,105394997,1.9,1,9414793
2018,16,105394997,1,9,9414792
2018,16,105390850,1,1,9414794
2018,5,105395310,5.3,1,9409992
2018,5,105399286,5.88,1,9414832
2018,5,104625515,1,11,9264805
2018,5,104625515,149,1,9264804
2018,12,104617712,1.01,1,9269758
2018,5,104617781,24,1,9269776
2018,12,104620994,1,11,9259902
2018,8,104621015,2,9,9259908
2018,2,104621041,2,9,9259911
2018,12,104625816,0.04,1,9264857
2018,12,105394794,1,1,9414762
2018,4,105388952,9,1,9409960
2018,12,105394879,1,1,9409961
2018,17,105395322,,,9414820
2018,17,105395364,,,9414823
2018,17,105391068,,,9399268
2018,12,105395459,1,1,9399272
2018,5,105395470,8.55,1,9414837
2018,12,104625466,0.2,1,9264795
2018,5,104625664,24,1,9269781
2018,12,104625687,64,1,9259901
2018,12,104621122,0.001,1,9259920
2018,12,106064352,1.9,1,9582652
2018,5,106055737,2.8,1,9572783
2018,12,106059614,0.56,1,9572792
2018,12,106055820,1,11,9572798
2018,4,106056008,1,11,9577835
2018,17,106056008,6,9,9577836
2018,5,106064651,7.9,1,9572825
2018,5,110419567,3,1,10361316
2018,12,110414928,2,1,10361346
2018,12,108141155,1.066,1,9944530
2018,12,108137615,2.5,1,9952168
2018,5,108141191,3,1,9952169
2018,5,106064282,2,1,9572777
2018,5,105394354,16.7,1,9409874
2018,5,105394383,1.5,1,9414705
2018,12,105388744,1,1,9409920
2018,12,105394727,,,9409942
2018,12,105394729,5,1,9414757
2018,5,105390817,15.7,1,9414777
2018,12,105390817,2.9,1,9414776
2018,16,105395306,2,9,9414816
2018,12,105395306,0.4,1,9414817
2018,5,105395306,1,11,9414815
2018,17,105395321,,,9414819
2018,5,105399285,1,11,9399270
2018,12,105395434,1.31,1,9414835
2018,5,110409562,3.1,1,10356292
2018,12,110419421,0.086,1,10361289
2018,5,110409616,1,9,10356305
2018,12,110409616,3,9,10361294
2018,5,110409615,95.77,1,10351288
2018,13,110419559,11,9,10351313
2018,5,110409870,0.3,1,10356344
2018,5,110414847,18.6,1,10356345
2018,5,110409961,6,1,10356356
2018,12,110415045,0.6,1,10361359
2018,5,110415045,0.8,1,10356366
2018,17,110415045,2,9,10361360
2018,5,110410072,0.8,1,10356368
2018,5,110410078,3.8,1,10356370
2018,17,110410082,0.3,1,10356371
2018,12,110410134,0.03,1,10356375
2018,5,110415206,5.6,1,10361371
2018,5,110415292,1,1,10361392
2018,5,105388775,10,1,9399202
2018,8,105394663,10,9,9414744
2018,5,105394695,0.1,1,9414750
2018,12,105388911,11.7,1,9409955
2018,5,105394870,2,1,9409959
2018,16,105399201,24.75,9,9414812
2018,5,105399201,8.6,1,9414813
2018,12,108137595,1,11,9952162
2018,12,108137609,0.01,1,9944542
2018,12,108137641,1,9,9949134
2018,5,108133869,4.7,1,9952171
2018,16,108141172,0.3,1,9944540
2018,5,108141172,274,1,9944539
2018,5,107274161,3.94,1,9805454
2018,5,107279610,1,11,9805456
2018,5,107279610,0.44,1,9805457
2018,2,107279610,1,11,9810730
2018,5,107279665,1,11,9813843
2018,5,107284281,6,1,9813855
2018,5,107284281,1,11,9813856
2018,12,107284303,3.9,1,9810750
2018,12,107278570,8,1,9813860
2018,12,107284455,0.8,1,9805496
2018,12,107280067,1.28,1,9805506
2018,12,107280153,0.22,1,9813879
2018,12,107284773,2,9,9810791
2018,17,107278985,,,9805528
2018,5,107278202,1,1,9805428
2018,12,107279486,0.23,1,9805429
2018,5,107278979,1,1,9805527
2018,12,118848437,17.5,1,12207965
2018,5,118241983,1,1,11926763
2018,5,119493094,50.984,1,12503023
2018,12,119493094,0.001,1,12503024
2018,12,119418066,1,1,12407045
2018,12,104621151,0.4,1,9259927
2018,5,104621151,452.8,1,9259928
2018,13,104625425,,,9264789
2018,12,106059557,1,11,9582643
2018,16,106059557,16,9,9582644
2018,12,106064360,3.6,1,9582654
2018,8,106059628,1,11,9577809
2018,12,106059859,69.7,1,9572821
2018,5,106056135,24.5,1,9572831
2018,12,105390509,0.1,1,9414710
2018,16,105394421,2,9,9414715
2018,12,105390541,0.6,1,9409897
2018,12,105388680,1,11,9409899
2018,12,105390558,0.01,1,9414719
2018,5,105390561,0.73,1,9399190
2018,12,105388784,1,11,9399206
2018,12,105388800,1,11,9409933
2018,12,105394734,1,9,9399221
2018,5,105390840,1,11,9414786
2018,12,105391016,1,11,9399265
2018,12,105395331,0.2,1,9399266
2018,12,105390544,0.09,1,9414717
2018,12,105394515,3.18,1,9409917
2018,12,105394816,1,9,9414765
2018,5,105390857,33.1,1,9409982
2018,12,105390877,1,1,9399247
2018,5,105390877,0.5,1,9399248
2018,5,105395160,3.2,1,9414806
2018,12,105395160,3,1,9399257
2018,12,105390973,1.4,1,9399262
2018,5,105390973,18.8,1,9399261
2018,5,105390973,1,11,9399263
2018,17,105391007,,,9399264
2018,17,105395317,,,9414818
2018,5,106055637,1,11,9577763
2018,12,106055700,1,9,9582632
2018,5,106059635,,,9572797
2018,5,106059653,235.2,1,9572799
2018,5,106059653,1.01,7,9572800
2018,5,106059653,4,9,9572801
2018,12,104625544,1,1,9264813
2018,8,104625544,1,9,9269754
2018,5,104625587,1.87,1,9264825
2018,5,104621095,4,1,9264855
2018,5,104625823,3.8,1,9264861
2018,12,104625823,1,1,9264860
2018,5,104621176,1,10,9259932
2018,5,104621176,0.01,1,9269805
2018,5,107278198,0.5,1,9810698
2018,5,107279646,1.8,1,9810737
2018,5,107278239,1.9,1,9810707
2018,4,106064227,2,9,9577762
2018,5,106055647,22.3,1,9572759
2018,5,106055657,1.19,1,9577771
2018,5,106059485,0.6,1,9577778
2018,5,106055732,0.7,1,9572782
2018,5,106059729,9,1,9582671
2018,12,106059751,1,1,9577821
2018,5,106055915,24,1,9572814
2018,5,106056096,10.72,1,9582686
2018,5,106060109,5.98,1,9577849
2018,5,106064721,5.82,1,9582698
2018,5,106064220,0.81,1,9582615
2018,16,106055605,1,9,9582617
2018,12,106055610,1.1,1,9582618
2018,5,106059467,13.36,1,9582627
2018,5,106059600,17,1,9577799
2018,11,106059765,25,9,9572813
2018,17,106055981,7,9,9572823
2018,8,105388615,2,9,9409882
2018,12,105394402,0.9,1,9409888
2018,16,105394425,31,9,9399188
2018,12,105394425,1,11,9399187
2018,16,105394425,1,11,9414716
2018,12,105394505,1,11,9399196
2018,12,105390622,1.2,1,9399199
2018,12,105390622,1,11,9399200
2018,12,105390729,1,3,9399223
2018,18,105389031,,,9409975
2018,8,105389031,4,9,9414789
2018,5,105389031,19,9,9409974
2018,17,105395250,2,9,9414811
2018,1,105395250,2,1,9414810
2018,5,105399276,202,1,9414828
2018,12,105395425,2.8,1,9414834
2018,12,107278235,4.5,1,9805435
2018,5,107278395,1,11,9813827
2018,2,107278395,1,11,9813826
2018,5,107284371,11,1,9805487
2018,5,107284806,1,11,9813885
2018,12,107279030,4.8,1,9810795
2018,16,107284857,48,9,9813889
2018,4,107284857,0.09,1,9813890
2018,12,107284857,0.53,1,9813891
2018,5,107268559,1454.07,1,9813681
2018,5,107268559,1,11,9810568
2018,5,107279656,10,1,9810738
2018,5,107278454,1,1,9813845
2018,5,107273337,1.55,1,9810618
2018,5,107268989,454,1,9813748
2018,5,107274110,1,1,9810713
2018,4,107278367,1,7,9810720
2018,11,107284300,6,9,9810749
2018,5,107278567,8,1,9810757
2018,5,107284418,4,1,9813869
2018,4,107279941,0.3,1,9805499
2018,12,107279941,0.1,1,9810776
2018,5,107284605,1,1,9805500
2018,17,107280041,1,11,9813875
2018,12,107284761,,,9805520
2018,5,107278970,13,1,9810792
2018,5,107278977,32.61,1,9805526
2018,5,107279183,0.31,1,9810823
2018,14,107289283,2,9,9805600
2018,12,107289283,0.4,1,9805599
2018,5,107285254,270,1,9813981
2018,12,106059676,6,9,9572803
2018,17,106056120,,,9577850
2018,8,106060193,42.5,9,9572836
2018,12,107273296,1,11,9805326
2018,5,107273296,0.01,1,9810601
2018,12,107268688,1,11,9810604
2018,5,107277297,0.43,1,9810608
2018,12,107268738,1.94,1,9810620
2018,5,107273375,2.5,1,9813719
2018,5,107268800,0.4,1,9805347
2018,5,107277459,1,1,9810630
2018,5,107279159,1.25,1,9813923
2018,12,107279159,0.06,1,9810816
2018,12,107268938,28,9,9813745
2018,12,107285264,0.78,1,9805623
2018,8,107273536,1,9,9805371
2018,12,107273536,1,9,9813747
2018,5,107277685,9,1,9810655
2018,11,107273563,1,9,9810657
2018,12,107277707,5.3,1,9810659
2018,5,107284938,1.9,1,9810806
2018,5,107279308,19,1,9813774
2018,12,107278033,1,1,9810678
2018,16,107278033,15,9,9805408
2018,17,107278069,1,11,9810681
2018,12,107280354,1,1,9810809
2018,5,107280354,1,1,9813911
2018,5,107280430,1.43,1,9813938
2018,12,107280446,5.1,1,9805569
2018,5,107285086,7,1,9810843
2018,5,107277221,7.1,1,9810587
2018,12,107277221,15.6,1,9810586
2018,2,107268723,0.47,1,9805333
2018,12,107284395,2.4,1,9813864
2018,5,107273416,10.4,1,9810627
2018,17,107277500,,,9810643
2018,5,107269028,1,9,9813760
2018,12,107278244,0.1,1,9813804
2018,5,107278244,5.8,1,9810710
2018,12,107279603,0.16,1,9813824
2018,5,107278422,1,11,9813837
2018,5,107284395,1,11,9810762
2018,12,107284395,1,11,9813865
2018,5,107280360,1,11,9810812
2018,12,107279192,1,11,9810825
2018,8,107289239,0.009,1,9805578
2018,17,107289251,2,9,9810841
2018,16,107280513,1,11,9813955
2018,12,107280513,19,5,9813954
2018,5,107280513,62.6,1,9813953
2018,5,107289271,3.3,1,9805593
2018,16,107289271,1,11,9810846
2018,5,107285348,0.01,1,9805631
2018,8,107278243,2,9,9805436
2018,5,107280166,1,9,9813880
2018,5,107273175,0.5,1,9810565
2018,5,107268694,0.06,1,9813703
2018,5,107277309,8.38,1,9810610
2018,12,107273574,5.3,1,9813755
2018,12,107278038,1.26,1,9805411
2018,17,107278051,,,9813783
2018,17,107279474,,,9805422
2018,5,107274018,0.5,1,9805424
2018,5,107279768,37.51,1,9810755
2018,5,107278569,1,1,9810758
2018,12,107278569,2,1,9805486
2018,12,107278628,1,11,9810767
2018,17,107279873,1,9,9813872
2018,4,107279873,1,9,9810774
2018,8,107279873,0.44,5,9813871
2018,12,107279902,1,11,9805497
2018,12,107284777,1.7,1,9805525
2018,12,107280868,1,9,9810869
2018,5,107280868,1,9,9810868
2018,5,107280890,2,1,9813994
2018,5,107279488,2.6,1,9813799
2018,12,107279606,0.3,1,9810729
2018,5,107279659,0.6,1,9805465
2018,12,107278492,22.4,1,9813852
2018,5,107278492,57.9,1,9813851
2018,5,107278560,1,1,9810756
2018,8,107268571,1,11,9813685
2018,16,107268571,2,3,9813684
2018,18,107268571,,,9813686
2018,8,107277200,2,5,9810577
2018,12,107273280,1,7,9805323
2018,5,107273303,1,11,9810605
2018,5,107277298,0.5,1,9810609
2018,5,107277332,1.85,1,9813711
2018,2,107285020,0.25,1,9805560
2018,5,107273368,0.5,1,9805339
2018,5,107277391,11,1,9810623
2018,5,107268795,3.6,1,9813730
2018,5,107268804,1.4,1,9813733
2018,12,107273419,5.3,1,9805353
2018,5,107268838,17.72,1,9805355
2018,5,107268837,40.5,1,9810638
2018,16,107268837,54,1,9810639
2018,5,107273436,6,1,9805358
2018,12,107277639,26,9,9810650
2018,5,107273591,20,1,9810662
2018,5,107273600,9,1,9805377
2018,12,107277753,1,9,9805378
2018,5,107278040,0.2,3,9813778
2018,12,106059788,0.5,1,9577823
2018,2,106060061,1,9,9572824
2018,16,107268565,34,9,9810574
2018,5,107268565,45,1,9810573
2018,12,107277217,6.3,1,9805316
2018,5,107268627,20,1,9813695
2018,12,107277281,1,11,9810599
2018,5,107277673,3,1,9810653
2018,12,107273585,1,9,9805374
2018,17,107279339,,,9810679
2018,17,107278074,2.09,1,9813786
2018,12,107279142,1,11,9810808
2018,4,107289261,1,11,9813957
2018,8,107289261,1.5,9,9813956
2018,12,107289261,1,11,9810844
2018,12,107280537,2.6,1,9813963
2018,16,107280537,8,9,9813964
2018,12,107280548,0.7,1,9810851
2018,5,107280548,1.3,1,9805601
2018,16,107285266,1,9,9805624
2018,12,107289551,0.8,1,9805635
2018,5,107274046,1.08,1,9805434
2018,5,107279640,2,1,9813838
2018,12,107278506,1,9,9805479
2018,12,107284328,11,1,9813859
2018,5,107279837,1,9,9810766
2018,5,107273392,2,1,9810626
2018,12,107273392,2.3,1,9813729
2018,12,107268853,0.7,1,9810644
2018,12,107277165,0.001,1,9810566
2018,5,107269079,21,1,9813765
2018,12,107280285,0.01,1,9813894
2018,12,107279152,2.76,1,9813915
2018,16,117423084,2,9,11769373
2018,16,117451100,24,9,11771771
2018,8,117451100,2,9,11771772
2018,12,117423039,4,1,11769328
2018,16,117455953,10,9,11773844
2018,5,116444122,1,11,11504928
2018,5,116455050,52.21,1,11490908
2018,12,116455534,1,1,11491015
2018,8,116449735,2,9,11507502
2018,12,116449735,0.01,1,11507503
2018,16,116449954,1,11,11490879
2018,12,116454780,0.001,1,11490849
2018,5,116450604,2,1,11507660
2018,12,116449734,2.619,1,11504915
2018,12,116444237,0.02,1,11507551
2018,5,116450225,1,1,11507596
2018,13,116450225,2,9,11507595
2018,5,116449791,7.4,1,11507509
2018,12,116449791,1,1,11490851
2018,5,116444099,0.001,1,11504924
2018,5,116454762,47,1,11490845
2018,12,116454762,0.001,1,11504918
2018,5,116444095,0.001,1,11504923
2018,5,116455976,12,1,11505099
2018,5,116456695,0.18,1,11491248
2018,12,116449666,28.83,1,11490830
2018,12,116454687,0.019,1,11490832
2018,5,116455131,3.59,1,11490931
2018,16,116450770,1.7,1,11491050
2018,12,116450770,3.4,1,11491049
2018,5,116455010,2,1,11490892
2018,5,116455010,1,11,11490893
2018,5,116451403,1,9,11507867
2018,12,116444019,34.72,1,11507478
2018,11,116450697,2.034,1,11507693
2018,3,116450697,1.885,1,11505033
2018,5,116450697,11,1,11491029
2018,12,116455988,9,1,11491106
2018,5,116455988,28,1,11507804
2018,5,116454689,1,1,11490834
2018,16,116450989,2,9,11507772
2018,12,116450989,9,1,11507771
2018,5,116460264,14,1,11505184
2018,5,116455047,360.48,1,11490906
2018,17,116455047,1,11,11490907
2018,12,116450292,0.001,1,11507609
2018,5,116455719,11,1,11491062
2018,16,116451801,56,9,11507934
2018,11,116451801,19.58,1,11507933
2018,15,116451801,1,11,11507935
2018,12,116459601,1,1,11505017
2018,12,116449836,0.01,1,11507523
2018,12,116455031,784.7,1,11490899
2018,12,116450068,1,11,11490905
2018,18,117455907,,,11773789
2018,9,117455907,8,9,11773787
2018,5,117455907,0.675,3,11773788
2018,12,117455945,0.181,1,11773833
2018,16,117455892,1,1,11773771
2018,5,117593498,1,1,11803608
2018,9,117442977,2,9,11772803
2018,2,117442977,2.3,1,11772802
2018,18,117442977,,,11772804
2018,5,117442980,0.2,1,11772808
2018,5,117442984,71.2,1,11772812
2018,5,117442986,1.1,1,11772814
2018,4,117442979,0.4,1,11772807
2018,5,117442983,5.3,1,11772811
2018,12,117807488,0.01,1,11848194
2018,5,117807488,1.2,1,11848195
2018,12,119516534,1,1,12495137
2018,14,119516534,6.5,9,12495136
2018,12,119516549,4.2,1,12495142
2018,12,117446420,2.1,1,11766224
2018,5,104617661,7.3,1,9269745
2018,2,104617819,1,9,9264844
2018,12,104621026,2,9,9259910
2018,5,104625747,14,1,9264852
2018,12,104621057,1,9,9269790
2018,5,104621057,1,1,9259915
2018,5,104625751,1,9,9264854
2018,8,101423737,1,9,8707704
2018,12,101423932,10.26,1,8707795
2018,5,101423932,24.07,1,8707796
2018,12,101423962,2,9,8707804
2018,5,101423738,9.1,1,8707703
2018,5,101423834,10.6,1,8707749
2018,12,101424187,0.001,1,8707884
2018,5,101424206,8.8,1,8707891
2018,2,101424536,1,11,8707935
2018,5,101424149,2.2,1,8707869
2018,8,101424149,1,9,8707867
2018,12,101424236,0.001,1,8707898
2018,5,101424590,7,1,8707942
2018,5,101424791,1.5,1,8707979
2018,5,100160905,6.7,1,8509442
2018,17,100856262,1,11,8616261
2018,18,100856262,,,8616262
2018,5,100856262,1,11,8616260
2018,12,100859005,5,1,8616589
2018,13,100859005,1,9,8616591
2018,4,100859044,0.2,1,8616598
2018,12,100859044,0.01,1,8616599
2018,12,100855705,0.1,1,8616153
2018,12,100855998,0.81,1,8616204
2018,5,100855998,1,11,8616206
2018,5,100855998,1.87,1,8616205
2018,5,100858025,2.5,1,8616431
2018,5,100859056,1,1,8616601
2018,12,100856199,1,11,8616251
2018,5,100855555,0.5,1,8616126
2018,5,100855648,1,9,8616143
2018,5,100855648,21,1,8616142
2018,5,100856229,10,1,8616254
2018,12,101423299,2,9,8707549
2018,5,101424682,1.3,1,8707957
2018,12,101425029,0.3,1,8708019
2018,5,100162160,1.3,1,8509607
2018,12,100160249,3,1,8509338
2018,5,100162197,0.5,1,8509609
2018,5,100160679,1,11,8509402
2018,5,100160679,16.13,1,8509401
2018,5,100160720,0.36,1,8509407
2018,5,100161088,20,1,8509458
2018,5,100162652,2.2,1,8509679
2018,5,100160818,27.8,1,8509423
2018,5,100160650,1.73,1,8509398
2018,12,100160650,0.47,1,8509396
2018,5,101423170,0.4,1,8707523
2018,18,101423645,,,8707674
2018,12,101423645,31.4,1,8707668
2018,17,101423645,41.8,1,8707671
2018,5,101423761,1,1,8707709
2018,5,101423833,0.82,1,8707746
2018,2,101423900,1,11,8707785
2018,12,101423914,2.08,1,8707791
2018,16,101423914,1,9,8707790
2018,5,101423914,1.3,1,8707792
2018,12,101423754,1.25,1,8707707
2018,5,101423754,0.25,1,8707708
2018,12,101423838,1,11,8707748
2018,12,101424142,1,1,8707864
2018,5,101424571,4,1,8707938
2018,5,100855653,4.3,1,8616144
2018,17,100856435,,,8616314
2018,16,100858070,40.001,1,8616437
2018,12,100858070,0.605,1,8616440
2018,5,100858070,0.1,1,8616438
2018,5,100859029,313.3,1,8616596
2018,5,100856227,119.1,1,8616253
2018,5,100858030,1,1,8616432
2018,17,100859057,1,11,8616602
2018,12,100860573,1,9,8616698
2018,12,100860573,0.5,1,8616699
2018,12,100855711,1,11,8616154
2018,12,110419541,1,11,10361309
2018,5,110419541,2.3,1,10361310
2018,12,110414827,2.04,1,10351326
2018,4,110414827,0.029,1,10361330
2018,12,110410778,1,11,10361432
2018,12,110410778,1.36,1,10351386
2018,5,101424182,1.9,1,8707882
2018,5,100859061,1,9,8616604
2018,16,118424581,29,9,12022474
2018,12,118424581,5.68,1,12022473
2018,5,117950016,,,11907599
2018,12,118939610,0.01,1,12242474
2018,5,118939610,0.01,1,12242475
2018,12,120552444,0.23,1,12859540
2018,5,120319606,3,1,12800453
2018,5,119452866,1,11,12450812
2018,17,105391098,2,9,9399271
2018,12,105390700,1,11,9399209
2018,5,105390743,9,1,9414763
2018,12,105394835,0.41,1,9399229
2018,5,105390779,11,1,9414769
2018,5,105389053,,,9409977
2018,5,105395001,0.62,1,9414795
2018,5,105389069,5.4,1,9414799
2018,12,105389069,2.4,1,9409983
2018,12,105389099,13.1,1,9409987
2018,12,105394405,0.01,1,9409889
2018,12,105394465,1,11,9414721
2018,5,105394465,1,11,9414722
2018,5,105390818,1,11,9399237
2018,12,105390858,0.93,1,9414798
2018,5,105395472,14.5,1,9409996
2018,15,104617813,1,11,9264842
2018,5,110482200,1,9,10354948
2018,12,110484408,150,1,10354971
2018,12,110482470,3,9,10354990
2018,4,110482470,3,9,10360431
2018,5,110484491,3,9,10360435
2018,12,106064231,53.8,1,9582619
2018,5,106055645,3.2,3,9577765
2018,8,110414734,24,9,10361312
2018,4,110414734,0.5,1,10361313
2018,5,110409798,3,1,10356329
2018,5,110414809,0.125,3,10361329
2018,12,110414886,16,1,10356347
2018,5,110414969,7,1,10351341
2018,12,110410026,0.3,1,10356361
2018,12,110419806,1,1,10351350
2018,5,110415082,9.6,1,10356372
2018,5,110415117,3.63,1,10356373
2018,5,106064247,1,1,9572763
2018,8,106064247,4,9,9572761
2018,12,106064247,2,9,9572762
2018,16,106055749,2,9,9582641
2018,5,106055749,0.6,1,9582642
2018,5,106064370,1,1,9577800
2018,2,106059645,1,1,9577812
2018,17,106056076,,,9582685
2018,12,106056168,5.5,1,9577864
