"DATA_YEAR","WEAPON_ID","OFFENSE_ID","NIBRS_WEAPON_ID"
2018,12,124785261,22529694
2018,12,124797087,22535361
2018,12,124797120,22535369
2018,12,124797144,22534770
2018,12,124800376,22529718
2018,12,124795277,22534774
2018,12,124805384,22529747
2018,20,124797469,22529768
2018,12,124801094,22529796
2018,20,124797718,22535468
2018,12,124795186,22535372
2018,12,130261768,23836842
2018,12,130262089,23836888
2018,12,130271960,23846905
2018,12,130267289,23841917
2018,9,124797076,22534760
2018,12,124797090,22535363
2018,12,124800464,22529726
2018,20,124797684,22535460
2018,18,124795153,22529706
2018,20,124801087,22529795
2018,12,124797703,22535465
2018,12,124797011,22535348
2018,12,124797012,22535349
2018,12,124797078,22534761
2018,12,124795200,22534771
2018,12,124805359,22534784
2018,18,124805457,22534804
2018,12,124800751,22529770
2018,18,124797496,22535439
2018,2,124805603,22535451
2018,18,124805603,22534819
2018,3,124797636,22535453
2018,12,124801104,22529799
2018,12,139576225,26336770
2018,12,124795134,22529702
2018,2,124800342,22534768
2018,20,124797147,22529715
2018,12,124795205,22535376
2018,12,124797353,22535408
2018,20,124805451,22534802
2018,12,124800749,22529769
2018,20,124797559,22529782
2018,3,124797575,22535446
2018,3,124797573,22534817
2018,12,124801007,22529789
2018,10,124801203,22529808
2018,12,123971158,22340396
2018,12,123969717,22335847
2018,20,123971886,22335962
2018,19,123971966,22340504
2018,9,123972251,22336014
2018,20,123980689,22336047
2018,18,123969793,22340412
2018,12,123969876,22340423
2018,20,123969946,22340439
2018,20,123976133,22335894
2018,12,123976264,22335930
2018,10,123970134,22340469
2018,10,123971839,22334837
2018,18,123970239,22335954
2018,18,123976346,22335957
2018,12,123972025,22335988
2018,18,123972338,22336028
2018,12,126348364,22904757
2018,20,126351834,22904775
2018,12,126351866,22912161
2018,12,126356777,22904949
2018,12,126348629,22907408
2018,12,126345800,22904806
2018,9,126345861,22907431
2018,12,126353118,22912347
2018,12,126352138,22907435
2018,12,126352160,22912214
2018,12,126348812,22912220
2018,12,126345948,22912224
2018,20,123017308,22112838
2018,12,123012701,22112843
2018,12,123008895,22108051
2018,9,123008947,22112870
2018,20,123009044,22108076
2018,12,123009105,22112898
2018,20,123013049,22103223
2018,18,123013097,22108119
2018,3,126346045,22907458
2018,19,126346046,22912235
2018,18,126346087,22907469
2018,12,126346087,22907468
2018,20,126352494,22912261
2018,20,126356302,22904880
2018,12,126352581,22912282
2018,20,126353316,22912372
2018,12,123012719,22112852
2018,14,123008862,22112857
2018,14,123008865,22108044
2018,12,123008815,22108029
2018,12,123017393,22108035
2018,14,123017417,22112859
2018,12,123017428,22108046
2018,12,123008981,22112876
2018,3,123017546,22108067
2018,20,123017556,22108070
2018,12,123017557,22108071
2018,20,123012784,22112887
2018,12,123009059,22108078
2018,12,123012946,22112900
2018,12,123009181,22108103
2018,14,123008859,22103179
2018,20,123017553,22108068
2018,12,123012834,22108088
2018,12,123971181,22335844
2018,12,123970163,22335943
2018,9,123970208,22340478
2018,2,123970228,22340486
2018,9,123970310,22340498
2018,18,123980372,22340506
2018,2,123980394,22335990
2018,20,123972063,22335996
2018,12,123972177,22336007
2018,19,123972312,22336023
2018,20,123980720,22336054
2018,12,123969750,22340407
2018,20,123971467,22334807
2018,10,123976178,22340445
2018,3,123969999,22334816
2018,12,123970001,22340446
2018,12,123971745,22335942
2018,18,123980413,22340511
2018,20,123972185,22336008
2018,12,123972313,22336024
2018,12,123971293,22335865
2018,12,123969849,22334791
2018,12,123976214,22334820
2018,3,123970139,22335935
2018,12,123971695,22340470
2018,18,123976356,22335960
2018,20,123971901,22334850
2018,12,123976389,22334852
2018,12,123971930,22334855
2018,20,123972036,22335989
2018,18,123976461,22334860
2018,20,123980428,22334864
2018,20,123972456,22340529
2018,18,123980681,22336043
2018,18,123980683,22340531
2018,12,123012687,22108021
2018,12,123012695,22103175
2018,12,123017369,22108032
2018,20,123017387,22108034
2018,12,123017441,22108048
2018,12,123017491,22108056
2018,20,123008961,22108060
2018,20,123008990,22108066
2018,20,123009000,22112880
2018,18,123012876,22108091
2018,2,123012953,22103198
2018,12,123012964,22108100
2018,19,123009178,22103204
2018,12,123009180,22103205
2018,12,123013015,22103215
2018,3,123017822,22103233
2018,18,123971859,22340491
2018,12,123976362,22334844
2018,18,123971892,22335964
2018,15,123971892,22335963
2018,12,123971923,22335974
2018,12,123971967,22335982
2018,18,123972095,22336000
2018,20,123976567,22336012
2018,18,123972274,22336018
2018,12,123972161,22336005
2018,12,123008846,22112856
2018,14,123017415,22108041
2018,20,123017472,22112866
2018,18,123017664,22103194
2018,18,123012977,22108105
2018,10,123012977,22103207
2018,20,123013054,22103225
2018,20,123017815,22108120
2018,3,123017812,22103232
2018,20,126347391,22907237
2018,12,126340537,22907245
2018,12,126340583,22911980
2018,4,126347506,22907252
2018,12,126347548,22911995
2018,12,126340816,22904657
2018,12,126340972,22907287
2018,19,126347754,22912043
2018,12,126344875,22904683
2018,20,126341091,22912064
2018,20,126348056,22907327
2018,18,126351342,22904721
2018,20,126351450,22912117
2018,11,126351484,22907343
2018,12,126348340,22912135
2018,12,126348351,22907361
2018,20,126348375,22907367
2018,12,126345656,22904780
2018,10,126345806,22904810
2018,12,126345824,22907423
2018,6,126348723,22912201
2018,6,126348722,22907427
2018,12,126352137,22907434
2018,3,126352163,22912216
2018,12,126352179,22907438
2018,19,126352189,22912221
2018,18,126352195,22907442
2018,2,126348846,22904831
2018,12,126345972,22904836
2018,12,126348944,22904844
2018,12,126346051,22904845
2018,12,126346073,22904847
2018,18,126349033,22904854
2018,18,126352384,22912245
2018,12,124795163,22534765
2018,20,124797154,22535377
2018,20,124797170,22535381
2018,12,124797323,22534782
2018,9,124805389,22534790
2018,2,124805398,22535418
2018,18,124800906,22529780
2018,14,124797685,22535459
2018,20,124797735,22535472
2018,12,123017361,22108030
2018,12,123017397,22108038
2018,12,123008903,22112863
2018,12,123008910,22108054
2018,12,123009158,22112902
2018,10,123008785,22112844
2018,4,123008794,22112848
2018,4,123017340,22108027
2018,4,123017335,22103177
2018,20,123012767,22112883
2018,12,123009064,22108080
2018,3,123012815,22103187
2018,12,123013043,22108116
2018,18,123013098,22112920
2018,12,123017302,22108022
2018,9,123008842,22108036
2018,20,123009013,22112884
2018,12,123012879,22103195
2018,14,123017416,22108042
2018,12,123017536,22112877
2018,12,123012949,22103196
2018,10,123009278,22112922
2018,10,123008840,22112855
2018,20,123008976,22103180
2018,18,123008989,22108065
2018,12,123017285,22103171
2018,12,123017439,22112860
2018,12,123008933,22112868
2018,20,123008998,22112878
2018,12,123012789,22103183
2018,12,123012858,22112897
2018,20,123017554,22108069
2018,20,123009225,22112912
2018,12,123017448,22112861
2018,20,123008977,22108062
2018,19,123009004,22112882
2018,3,124785257,22534751
2018,12,124795106,22535355
2018,20,124795133,22534757
2018,20,124795132,22534756
2018,20,124795139,22534759
2018,12,124795142,22529705
2018,12,124797116,22534767
2018,20,124795208,22529717
2018,20,124797169,22535380
2018,12,124795240,22529723
2018,12,124797224,22535388
2018,19,124797301,22529737
2018,12,124797304,22535400
2018,12,124797337,22535406
2018,12,124797360,22535409
2018,12,124805403,22534792
2018,12,124800699,22535425
2018,12,124797437,22535426
2018,20,124797452,22535433
2018,18,124797492,22535438
2018,20,124797527,22529777
2018,18,124805530,22534811
2018,12,124805530,22534810
2018,12,124805532,22534812
2018,2,124797549,22529779
2018,19,124805548,22534814
2018,20,124800995,22529788
2018,20,124801022,22529790
2018,20,124801034,22535454
2018,20,124801038,22529791
2018,2,124797665,22529792
2018,20,124805644,22535457
2018,18,124797697,22529802
2018,6,124797705,22535466
2018,12,123017496,22108058
2018,12,123008963,22112874
2018,12,123012980,22108107
2018,10,123008791,22112845
2018,12,123008832,22108033
2018,12,123008959,22108059
2018,20,123012783,22108077
2018,18,123012838,22103192
2018,12,123017728,22112906
2018,12,123013007,22112909
2018,12,123009201,22103214
2018,20,123009277,22112921
2018,12,123012833,22108087
2018,12,123012976,22108104
2018,12,123017745,22103210
2018,20,123009020,22108075
2018,20,123012782,22103182
2018,12,123012816,22103188
2018,12,123017768,22108111
2018,18,123013099,22112923
2018,20,123012688,22103172
2018,20,118255739,21075522
2018,12,118252064,21074709
2018,10,118255797,21075538
2018,11,130266672,23846808
2018,20,130261736,23846822
2018,12,130271585,23841837
2018,18,130261834,23836853
2018,6,130266890,23841855
2018,6,130266892,23836858
2018,18,130261906,23836861
2018,12,130266930,23836866
2018,20,130266932,23836867
2018,12,130262003,23841874
2018,12,130267044,23846876
2018,12,130267083,23841891
2018,3,130262229,23841908
2018,18,130271897,23846893
2018,16,130262281,23836911
2018,20,130267250,23846896
2018,18,130267288,23846907
2018,12,130262348,23836918
2018,20,130267371,23841934
2018,12,130262476,23836938
2018,12,119543134,21348080
2018,3,119544031,21348188
2018,9,119544031,21348189
2018,20,119542756,21348027
2018,12,119542966,21348047
2018,18,119543470,21348143
2018,20,119544156,21348217
2018,12,119544611,21348301
2018,20,119544643,21348312
2018,18,119544884,21348313
2018,20,119544716,21348333
2018,12,118964918,21225953
2018,6,118964563,21225894
2018,12,118964652,21225905
2018,12,118964757,21225918
2018,12,118964978,21225959
2018,18,118965150,21225998
2018,20,118965333,21226025
2018,9,118965803,21226099
2018,20,118965812,21226101
2018,12,118966049,21226130
2018,12,118966191,21226149
2018,12,118964796,21225921
2018,12,119542673,21348021
2018,20,119544236,21348232
2018,20,119544427,21348267
2018,12,118963815,21225785
2018,12,118965044,21225980
2018,12,118965360,21226033
2018,18,118965360,21226036
2018,20,118965449,21226046
2018,20,118966062,21226132
2018,2,118964083,21225819
2018,20,118965796,21226098
2018,12,119542635,21348010
2018,20,119544638,21348309
2018,20,118964619,21225902
2018,18,118965353,21226032
2018,3,118965353,21226031
2018,9,118965826,21226103
2018,20,118965908,21226115
2018,20,118966033,21226127
2018,18,119927337,21427701
2018,12,119928019,21427816
2018,3,119928258,21427853
2018,12,119928667,21427928
2018,9,119928814,21427961
2018,2,119929009,21427983
2018,12,119929064,21427987
2018,20,119929209,21428007
2018,20,119929429,21428077
2018,9,119929922,21428191
2018,12,119930433,21428338
2018,9,119930431,21428337
2018,12,119930449,21428345
2018,19,119930495,21428353
2018,12,119930587,21428381
2018,12,119930616,21428388
2018,12,119930723,21428419
2018,12,119927568,21427745
2018,9,119927786,21427779
2018,12,119927848,21427794
2018,20,119928259,21427852
2018,3,119928366,21427871
2018,20,119928363,21427870
2018,12,119928679,21427931
2018,12,119928760,21427948
2018,12,119928828,21427964
2018,12,119928990,21427981
2018,20,119929167,21428000
2018,20,119929329,21428043
2018,20,119930360,21428313
2018,12,119930417,21428333
2018,2,119930998,21428490
2018,2,119931000,21428491
2018,12,119931087,21428509
2018,12,119931116,21428517
2018,12,119931232,21428546
2018,19,119931540,21428634
2018,17,119931569,21428647
2018,12,119931959,21428750
2018,12,119932046,21428770
2018,12,119932059,21428772
2018,12,119932100,21428780
2018,12,119932099,21428779
2018,20,119932319,21428822
2018,4,119932329,21428826
2018,12,119932451,21428862
2018,20,119932497,21428880
2018,20,119932506,21428887
2018,12,119932621,21428915
2018,12,118964814,21225930
2018,12,118964973,21225961
2018,20,118965214,21226010
2018,12,118966379,21226181
2018,12,123975921,22340402
2018,12,123971238,22335856
2018,9,123971529,22335901
2018,9,123980565,22340519
2018,20,123976768,22334887
2018,9,119927095,21427663
2018,12,119928039,21427817
2018,20,119928199,21427845
2018,12,119927006,21427642
2018,12,119927306,21427692
2018,12,119927759,21427775
2018,18,119927845,21427793
2018,18,119928592,21427920
2018,2,119928611,21427923
2018,18,119928618,21427924
2018,12,119928700,21427935
2018,12,119928806,21427959
2018,2,119928824,21427962
2018,9,119929143,21427993
2018,12,119929161,21427997
2018,18,119929274,21428024
2018,20,119929350,21428050
2018,20,119929415,21428072
2018,9,119929414,21428071
2018,20,119929433,21428079
2018,20,119929511,21428100
2018,20,119929585,21428119
2018,12,119930057,21428219
2018,12,119930617,21428390
2018,12,119930643,21428398
2018,12,119930696,21428413
2018,12,119930745,21428425
2018,12,119930982,21428487
2018,12,119931029,21428495
2018,18,119931067,21428504
2018,18,119931086,21428508
2018,18,119931105,21428514
2018,20,118251650,21074634
2018,10,118252211,21074748
2018,20,118251457,21074606
2018,18,118255745,21075525
2018,12,118252334,21074782
2018,18,118257577,21075955
2018,20,118252356,21074786
2018,9,118257587,21075957
2018,20,119544143,21348214
2018,20,119544724,21348338
2018,12,118964661,21225907
2018,12,118964896,21225944
2018,12,118964925,21225954
2018,18,118965359,21226034
2018,12,118964659,21225906
2018,12,118964789,21225923
2018,12,118965189,21226005
2018,10,118965317,21226021
2018,12,118965311,21226016
2018,20,118965968,21226118
2018,12,118966373,21226180
2018,6,118963832,21225788
2018,12,118964597,21225900
2018,20,118966310,21226171
2018,12,118965049,21225981
2018,12,118966148,21226145
2018,12,118964772,21225920
2018,12,118965368,21226037
2018,9,118965578,21226069
2018,20,118965928,21226116
2018,12,119543381,21348129
2018,12,119544580,21348294
2018,20,118965761,21226093
2018,20,118965905,21226114
2018,20,119542995,21348053
2018,12,119544360,21348252
2018,20,123012791,22112888
2018,12,123017633,22103186
2018,12,123012817,22103189
2018,12,123012827,22103191
2018,12,123012845,22103193
2018,12,123009117,22108093
2018,12,123012945,22108098
2018,3,123012954,22103199
2018,12,123009154,22103200
2018,12,123012971,22103206
2018,9,123009185,22112907
2018,12,123017748,22112908
2018,18,123017747,22103211
2018,12,123013023,22103217
2018,12,123013022,22103216
2018,12,123017770,22108112
2018,20,123013048,22103222
2018,12,123969699,22340400
2018,18,123971164,22334772
2018,12,123971199,22334778
2018,3,123976075,22334799
2018,20,123971431,22335886
2018,20,123969929,22334803
2018,18,123976106,22334804
2018,20,123971442,22340436
2018,18,123969938,22335888
2018,12,123976329,22335951
2018,19,123980487,22334868
2018,12,123972218,22336009
2018,9,123976568,22334870
2018,20,123972335,22336027
2018,12,123971251,22335857
2018,12,123969900,22335874
2018,12,123971668,22335929
2018,20,123971907,22335968
2018,12,123971910,22335969
2018,11,123976636,22334879
2018,20,141724826,27472967
2018,12,127424949,23140655
2018,12,126340605,22907254
2018,12,126344544,22911987
2018,18,126340827,22904660
2018,12,126347747,22904681
2018,10,126341039,22912056
2018,12,126344934,22907302
2018,20,126349118,22907481
2018,20,126352513,22912266
2018,20,126349245,22904887
2018,12,123969761,22334781
2018,12,123975965,22334782
2018,12,123975990,22334786
2018,12,123976059,22335871
2018,12,123971452,22340438
2018,12,123976236,22335918
2018,20,123970080,22340457
2018,20,123971873,22335961
2018,18,123971985,22335985
2018,19,123972030,22334859
2018,9,123980489,22340513
2018,20,123976596,22336016
2018,12,126351827,22912156
2018,12,126348620,22904793
2018,12,126348628,22907406
2018,12,126345807,22904812
2018,12,126352080,22907429
2018,18,126348850,22907446
2018,9,126346009,22904841
2018,10,126352364,22912241
2018,9,126352364,22904851
2018,20,123969801,22335859
2018,20,123971322,22335869
2018,19,124797024,22535351
2018,20,124795112,22535358
2018,12,124797132,22535370
2018,12,124795191,22529713
2018,12,124800500,22535394
2018,12,124797313,22535401
2018,12,124800608,22535413
2018,18,124797448,22529764
2018,20,124805485,22529772
2018,20,124800914,22534815
2018,20,124801077,22529794
2018,12,123976226,22340453
2018,12,123970087,22340458
2018,18,123971674,22335933
2018,18,123970253,22335959
2018,17,123970253,22340492
2018,20,123970274,22334846
2018,12,123970288,22335966
2018,12,123976408,22340499
2018,12,123972159,22334867
2018,12,123972340,22336029
2018,18,123972532,22336051
2018,18,123975926,22334777
2018,4,123969727,22340405
2018,12,123971285,22334788
2018,12,123969853,22340421
2018,12,126340437,22911960
2018,12,126340587,22907253
2018,12,126347571,22907264
2018,20,126344677,22912012
2018,12,126344713,22912021
2018,11,126344764,22904663
2018,12,126344784,22904666
2018,12,126344788,22904667
2018,12,126340900,22904672
2018,18,126340900,22904673
2018,12,126340914,22912039
2018,12,126347778,22912052
2018,12,126341030,22912053
2018,12,126353183,22904978
2018,12,126344904,22907294
2018,12,126347844,22912065
2018,20,126351336,22904720
2018,19,126351432,22904726
2018,12,126348169,22907340
2018,20,126345324,22904738
2018,3,126348189,22907347
2018,11,126345429,22912128
2018,18,126345469,22904749
2018,12,126349521,22907532
2018,4,126349542,22904919
2018,12,126349655,22912319
2018,12,126352930,22907550
2018,12,126353076,22912343
2018,12,126357070,22912360
2018,20,126357077,22912362
2018,12,126349965,22907599
2018,3,126351883,22912163
2018,18,126345705,22912173
2018,12,126345769,22912182
2018,12,126345803,22904808
2018,12,126352035,22912189
2018,12,126345902,22912209
2018,19,126345944,22907443
2018,19,126348960,22904846
2018,18,126346074,22907464
2018,3,126352470,22912258
2018,12,126352496,22912262
2018,20,126356311,22904883
2018,5,126349320,22907507
2018,3,126340450,22911961
2018,12,126340449,22904614
2018,12,126344502,22904624
2018,12,126347539,22907257
2018,2,126340621,22911994
2018,19,126340926,22912040
2018,18,126348968,22907463
2018,18,126356420,22904896
2018,20,126345316,22904736
2018,20,126345431,22904743
2018,12,126348377,22912141
2018,18,126351821,22904773
2018,12,126345914,22904824
2018,12,126348892,22907450
2018,20,126346083,22907467
2018,20,126349035,22912244
2018,20,126356590,22904916
2018,12,126356909,22912341
2018,18,126357019,22912354
2018,12,126349931,22907589
2018,12,126349872,22907578
2018,12,124800509,22529732
2018,12,124797442,22535429
2018,12,124800816,22529774
2018,17,124801141,22534829
2018,12,124795099,22535353
2018,12,124795294,22529728
2018,12,124800516,22529734
2018,12,124797570,22534816
2018,12,127415154,23145384
2018,12,127415159,23145386
2018,12,127420067,23145387
2018,12,127420102,23147896
2018,12,127424947,23145398
2018,12,130271573,23846831
2018,12,130266757,23841835
2018,18,130271710,23836864
2018,18,130271797,23836880
2018,12,130267151,23846891
2018,12,124795222,22535379
2018,18,126348437,22907376
2018,12,126348485,22907382
2018,12,126345836,22904815
2018,9,126352164,22904825
2018,19,126345939,22904830
2018,2,126346075,22904848
2018,12,126348987,22904849
2018,19,126349072,22904860
2018,19,126356178,22912251
2018,12,126356255,22904874
2018,3,126352567,22912279
2018,20,126351669,22904756
2018,18,126351697,22907369
2018,10,126351767,22912146
2018,12,126348493,22907387
2018,20,126351876,22912162
2018,12,126349938,22912359
2018,12,126348681,22904809
2018,18,126357152,22904995
2018,12,126348811,22907439
2018,12,126352514,22912267
2018,18,126349235,22907499
2018,20,124795087,22534752
2018,12,124800354,22529709
2018,20,124797143,22535375
2018,12,124800378,22529719
2018,12,126347560,22907261
2018,20,126340740,22912017
2018,12,126344744,22912023
2018,12,126340974,22907288
2018,18,126347953,22912084
2018,20,126349524,22904913
2018,20,126348061,22912106
2018,20,126351377,22912113
2018,20,126351443,22907337
2018,12,126348295,22912131
2018,12,126356648,22904924
2018,12,126349577,22912312
2018,12,126352916,22904928
2018,12,126356882,22912339
2018,20,126356923,22904969
2018,19,126349919,22904979
2018,20,126353264,22907601
2018,12,130261667,23836824
2018,18,130261727,23836833
2018,12,130261737,23841827
2018,12,130261767,23836841
2018,4,127420051,23147888
2018,12,127420108,23140648
2018,12,130266743,23841834
2018,20,130266807,23841841
2018,19,130271865,23841900
2018,18,130267287,23836917
2018,3,130272067,23846920
2018,12,138653775,26058922
2018,12,138653804,26058928
2018,12,138653807,26058929
2018,12,138653854,26058937
2018,19,138653855,26058938
2018,12,126340638,22904631
2018,12,126340648,22907263
2018,12,126344730,22904655
2018,20,126351346,22904722
2018,20,126345237,22907333
2018,3,126352808,22912308
2018,12,126345303,22904732
2018,20,126351500,22904739
2018,2,126348268,22907351
2018,3,126352768,22912299
2018,12,126349616,22912315
2018,12,126349707,22907561
2018,12,126353031,22912337
2018,12,126353066,22912342
2018,19,126353169,22912353
2018,12,126349924,22904982
2018,20,126353311,22907605
2018,12,126350026,22907607
2018,12,127424925,23140647
2018,20,130266831,23846839
2018,12,130271677,23846845
2018,12,130271720,23841861
2018,12,130261967,23841862
2018,12,130261980,23841865
2018,12,130262002,23836872
2018,12,130267020,23841878
2018,12,130262386,23836922
2018,20,130358041,23855275
2018,9,130358233,23858066
2018,12,130350664,23863125
2018,12,130354552,23855349
2018,12,130358541,23855362
2018,12,126347372,22907232
2018,12,126344424,22907240
2018,12,126340485,22904618
2018,18,126351157,22912072
2018,18,126347946,22907312
2018,20,126348184,22907345
2018,20,126345343,22904740
2018,9,126345451,22904744
2018,20,126351744,22904764
2018,18,126348865,22904835
2018,12,126346048,22912236
2018,12,126356524,22907524
2018,12,126356574,22907534
2018,12,126349534,22907536
2018,12,126352907,22912317
2018,9,126356799,22907564
2018,12,126356935,22904972
2018,12,126349907,22907583
2018,20,130357012,23855027
2018,12,130353027,23857801
2018,12,130353120,23857819
2018,18,130349994,23863032
2018,20,130348053,23855021
2018,20,130350699,23858116
2018,10,130350823,23858131
2018,6,130261645,23836820
2018,20,130271523,23846816
2018,12,124800347,22535368
2018,12,124800564,22529743
2018,12,124800588,22534788
2018,12,124805370,22529745
2018,12,124801206,22529809
2018,2,126340452,22911962
2018,12,126340604,22911983
2018,12,126347528,22911986
2018,12,126340613,22911990
2018,18,126351235,22912086
2018,12,126351467,22904730
2018,12,126356572,22907533
2018,20,126349822,22912345
2018,20,126350011,22907606
2018,9,126348523,22907392
2018,12,126345541,22904759
2018,20,126345727,22912175
2018,18,126345801,22904807
2018,12,126346026,22912231
2018,12,126346091,22904850
2018,12,126356271,22904875
2018,12,126352565,22912278
2018,20,126349281,22904889
2018,12,127424907,23140643
2018,10,126347862,22907306
2018,12,126341126,22912068
2018,12,126341134,22904699
2018,20,126347983,22907315
2018,9,126353267,22907602
2018,20,126349311,22912286
2018,12,127415195,23147898
2018,20,127415155,23147891
2018,3,127420093,23145390
2018,12,127420114,23147900
2018,12,130352618,23854990
2018,12,130352684,23857716
2018,9,130358132,23855287
2018,18,130358179,23855296
2018,18,130350721,23863135
2018,20,130354601,23855360
2018,12,130354602,23863168
2018,18,130267185,23836903
2018,20,130267424,23841939
2018,20,130267463,23841947
2018,2,130348082,23857781
2018,19,130357026,23855033
2018,12,130357069,23855049
2018,12,130357174,23855070
2018,12,130358187,23855297
2018,18,130354466,23858106
2018,12,130358424,23858113
2018,12,130350735,23863140
2018,18,130358467,23855346
2018,12,126344542,22911985
2018,12,126347541,22907258
2018,19,126347745,22904678
2018,12,126344885,22904684
2018,12,126345938,22904829
2018,9,126348178,22907342
2018,20,126348262,22912129
2018,12,126345662,22904783
2018,20,126348551,22907395
2018,12,126352182,22912218
2018,11,126345991,22904839
2018,18,126346033,22907457
2018,20,126352399,22912248
2018,9,126349226,22907497
2018,16,126356326,22912280
2018,12,126349520,22904911
2018,18,126352809,22912309
2018,12,126356581,22907538
2018,12,126356686,22912314
2018,12,126357013,22904977
2018,12,126349927,22904984
2018,12,130352773,23857740
2018,12,130347937,23862602
2018,18,130348051,23862620
2018,12,130357005,23855023
2018,20,130348176,23862636
2018,11,130348236,23862655
2018,19,130357143,23862673
2018,11,130357144,23855060
2018,12,130357145,23855061
2018,18,130357150,23855062
2018,19,130357185,23855072
2018,18,130357192,23855074
2018,20,130357197,23857830
2018,19,130357215,23855075
2018,20,130357218,23855076
2018,20,130349727,23862993
2018,18,130354049,23858047
2018,18,130354138,23855293
2018,18,130358199,23858063
2018,16,130350153,23863047
2018,12,130350175,23858065
2018,19,130350238,23863055
2018,18,130358362,23855324
2018,9,130358473,23855348
2018,20,130358533,23863164
2018,18,130350822,23855359
2018,12,130267042,23846875
2018,12,130262073,23846877
2018,12,130271812,23846880
2018,9,130271987,23846909
2018,20,130262481,23836941
2018,18,130267456,23841945
2018,12,130266625,23841822
2018,12,130261612,23836818
2018,12,130261839,23846840
2018,12,130267000,23841875
2018,12,130267009,23846866
2018,20,130262085,23846881
2018,12,130267155,23841899
2018,20,130267222,23836910
2018,18,130271951,23846904
2018,12,130262347,23841918
2018,20,130267454,23846922
2018,3,130262491,23836945
2018,20,118257590,21075958
2018,20,118257589,21075959
2018,19,138661318,26062024
2018,20,118255743,21075524
2018,20,118255782,21075535
2018,4,119928193,21427843
2018,20,119928358,21427868
2018,12,119928533,21427908
2018,12,119928575,21427917
2018,12,119928896,21427971
2018,12,119928976,21427980
2018,12,119929085,21427988
2018,20,119929163,21427999
2018,20,119929273,21428023
2018,10,119929359,21428054
2018,19,119929493,21428092
2018,20,119930142,21428241
2018,12,119930429,21428336
2018,12,119930542,21428369
2018,12,118251775,21074658
2018,12,118251798,21074662
2018,12,118252353,21074784
2018,20,118252744,21074871
2018,12,118254345,21075155
2018,20,118254416,21075173
2018,10,118255713,21075513
2018,12,117383623,20899850
2018,12,117384088,20899933
2018,12,117384072,20899924
2018,12,117384167,20899945
2018,12,117384148,20899942
2018,9,123975905,22340399
2018,12,123969693,22340398
2018,12,123969783,22334784
2018,12,123976023,22340418
2018,20,123976057,22340424
2018,20,123971446,22335889
2018,9,123971542,22335902
2018,12,123970025,22334818
2018,2,123971634,22335923
2018,12,123976269,22335932
2018,12,123970140,22335936
2018,12,119927165,21427672
2018,12,119927239,21427682
2018,12,119928280,21427856
2018,12,119928602,21427921
2018,12,119928623,21427925
2018,12,119928660,21427927
2018,12,119928772,21427950
2018,12,119929114,21427990
2018,12,119929198,21428005
2018,20,119929508,21428099
2018,20,119929620,21428124
2018,20,119929622,21428125
2018,20,119929851,21428175
2018,18,119930032,21428216
2018,10,119930292,21428294
2018,18,119930404,21428328
2018,11,119930410,21428331
2018,12,119930711,21428415
2018,12,119930771,21428434
2018,2,117383627,20899851
2018,12,117383636,20899852
2018,12,117384078,20899929
2018,20,117389877,20901238
2018,12,117384139,20899940
2018,12,117384686,20900029
2018,12,117384707,20900033
2018,12,117385002,20900078
2018,9,117386181,20900339
2018,12,142540621,27682317
2018,10,119931520,21428625
2018,20,119931602,21428659
2018,20,119931766,21428693
2018,20,119931844,21428719
2018,12,119932008,21428764
2018,12,119932044,21428769
2018,12,119932043,21428768
2018,20,119932350,21428833
2018,12,119932422,21428849
2018,12,119932455,21428864
2018,18,119932502,21428884
2018,12,119932508,21428888
2018,20,119542683,21348023
2018,12,119543047,21348063
2018,19,119543302,21348111
2018,12,119543437,21348140
2018,12,119544358,21348251
2018,12,130266764,23841836
2018,12,130271815,23846882
2018,12,130267202,23836907
2018,12,130262303,23846898
2018,12,130262446,23836931
2018,12,130267436,23841941
2018,20,130262488,23836943
2018,12,118251473,21074609
2018,12,118251455,21074605
2018,4,118251591,21074625
2018,12,118251606,21074628
2018,5,118251610,21074629
2018,12,118252122,21074723
2018,19,118252628,21074845
2018,12,118254372,21075162
2018,12,118255755,21075528
2018,18,142409851,27642912
2018,12,141512529,27411391
2018,19,130356834,23854994
2018,18,130347740,23862574
2018,9,130352956,23857777
2018,20,130358193,23855298
2018,20,130350640,23863123
2018,12,130354533,23858122
2018,12,137886628,25839936
2018,18,130349804,23863003
2018,20,130350230,23855302
2018,12,130352637,23857707
2018,12,130356791,23854989
2018,9,130356791,23862556
2018,20,130347958,23862608
2018,12,130348069,23857776
2018,12,130348140,23857788
2018,12,130352994,23862634
2018,12,130348207,23862646
2018,12,130348380,23862687
2018,20,130348506,23857839
2018,18,130349815,23858046
2018,20,130358173,23855295
2018,18,130354232,23855300
2018,12,130358441,23863130
2018,12,130266627,23836817
2018,2,130261642,23841824
2018,20,130266667,23836819
2018,12,130271526,23836832
2018,12,130271765,23841872
2018,20,130262032,23846872
2018,9,130267076,23841889
2018,12,130267172,23841904
2018,12,130271894,23841906
2018,18,130267204,23841910
2018,12,130267204,23846894
2018,20,130267379,23836924
2018,12,130266969,23841864
2018,9,130262057,23836882
2018,20,130262396,23841935
2018,20,130347572,23857701
2018,12,130347747,23862577
2018,20,130356892,23855008
2018,19,130352903,23857763
2018,20,130348347,23862671
2018,12,130353135,23857823
2018,3,130353140,23855071
2018,3,130353141,23857826
2018,20,130357256,23855087
2018,2,130349999,23855292
2018,18,130350016,23863034
2018,18,130358164,23855294
2018,18,130350034,23863038
2018,12,130350034,23863037
2018,20,130350190,23863049
2018,20,130350254,23863058
2018,20,130347594,23857705
2018,12,130347698,23857717
2018,12,130356859,23857726
2018,12,130352726,23862580
2018,20,130350075,23863042
2018,18,130350239,23863056
2018,18,130350245,23863057
2018,12,123017309,22103173
2018,12,123008774,22108024
2018,12,123009087,22112894
2018,10,123017731,22103202
2018,3,123009187,22103209
2018,10,123009219,22108115
2018,9,123017785,22103226
2018,4,123009272,22112919
2018,20,123013101,22112924
2018,3,118251601,21074626
2018,12,118251768,21074654
2018,12,118251927,21074686
2018,12,118252083,21074714
2018,12,118251825,21074670
2018,12,118251868,21074674
2018,12,118252237,21074754
2018,9,118252343,21074783
2018,12,118254489,21075193
2018,18,118255712,21075512
2018,18,118255716,21075516
2018,20,118255763,21075531
2018,12,137886239,25842661
2018,20,137879374,25839952
2018,20,137883215,25839953
2018,12,138661273,26062010
2018,12,138661275,26062011
2018,12,142229196,27602590
2018,9,142229197,27602591
2018,12,141894565,27509765
2018,18,141894647,27509779
2018,9,142231752,27603264
2018,20,127415165,23140645
2018,5,126347386,22907236
2018,12,126344603,22904633
2018,20,126340715,22904647
2018,12,126340763,22904651
2018,20,126340770,22904653
2018,12,126340786,22912022
2018,12,126340833,22907277
2018,12,126344842,22912041
2018,20,126341002,22912047
2018,20,126347904,22907309
2018,18,126345150,22912094
2018,20,126345157,22912098
2018,12,126351444,22912116
2018,20,126345459,22904748
2018,9,126356792,22907563
2018,12,126353026,22907567
2018,12,126356889,22907571
2018,18,126357104,22907603
2018,12,124797041,22535357
2018,12,124800462,22529725
2018,19,124800627,22529751
2018,12,124797441,22535428
2018,19,124797478,22534805
2018,12,124797528,22535440
2018,16,124797536,22535441
2018,9,124805703,22534830
2018,12,123969842,22340417
2018,12,123971470,22335891
2018,12,123971631,22335921
2018,12,123971740,22335941
2018,12,123976373,22334848
2018,12,123976390,22334853
2018,20,123972248,22336013
2018,12,123975937,22334779
2018,20,123976110,22334805
2018,12,123976183,22340447
2018,12,123970029,22334819
2018,9,123970221,22340484
2018,12,123970300,22340497
2018,11,123972016,22335987
2018,3,123972044,22335993
2018,20,123972374,22334880
2018,20,126349877,22907579
2018,19,126349937,22907590
2018,20,126353273,22912370
2018,12,137882826,25842690
2018,10,137886574,25842722
2018,12,137886700,25839956
2018,12,137879647,25839990
2018,20,126349097,22907480
2018,12,126349177,22907487
2018,19,123969795,22340413
2018,12,123969800,22334785
2018,20,123976076,22334800
2018,9,123971407,22335882
2018,9,123971410,22335884
2018,9,123971580,22335904
2018,12,123971834,22340488
2018,18,123971844,22334839
2018,19,123976340,22334840
2018,19,123972132,22336003
2018,18,123980466,22334865
2018,20,126345683,22907397
2018,20,126352538,22907502
2018,20,126356368,22912287
2018,12,126351747,22904766
2018,12,126351757,22912144
2018,12,126348470,22912153
2018,12,126345634,22904776
2018,12,126348518,22907391
2018,18,126348518,22904779
2018,12,126348621,22907404
2018,3,126348714,22912198
2018,3,126348709,22912195
2018,3,126345827,22907424
2018,12,126345847,22904818
2018,12,126345903,22912211
2018,18,126356320,22904888
2018,10,124785276,22535352
2018,12,124797101,22535365
2018,12,124800364,22534769
2018,12,124800501,22534780
2018,20,124800904,22535442
2018,18,124801207,22529810
2018,3,130347954,23862606
2018,12,130347972,23855014
2018,2,130352890,23857760
2018,12,130356956,23862610
2018,10,130357019,23857780
2018,12,138776541,26126818
2018,12,130348116,23862628
2018,12,138776542,26126819
2018,12,130353015,23862644
2018,12,130357078,23855052
2018,12,130353108,23857815
2018,4,130348434,23857822
2018,2,130348437,23857825
2018,19,130348463,23862706
2018,20,130348538,23862720
2018,12,130357263,23855090
2018,20,127424909,23147893
2018,20,127420086,23145389
2018,18,126351967,22907405
2018,9,126345773,22907412
2018,12,126345782,22912186
2018,12,126352016,22904804
2018,12,126348734,22912204
2018,12,126345960,22912226
2018,20,126348979,22912239
2018,18,126349068,22907474
2018,20,126349209,22912269
2018,20,126356281,22907494
2018,18,126349259,22907504
2018,20,126356333,22912281
2018,19,127420104,23145392
2018,12,127420126,23147903
2018,12,126340636,22911998
2018,20,126340693,22912006
2018,20,126340729,22912014
2018,12,126344689,22912016
2018,18,126349705,22907559
2018,19,126345933,22907441
2018,6,126348176,22907341
2018,12,126351660,22904754
2018,20,126351668,22907363
2018,12,126351865,22912160
2018,12,126348572,22904791
2018,12,126349762,22904954
2018,18,126348752,22907432
2018,12,126348901,22907452
2018,12,126346006,22912230
2018,12,126352319,22907460
2018,20,126349111,22912252
2018,12,126356570,22912307
2018,12,126344535,22904625
2018,20,126347555,22911997
2018,20,126340667,22912004
2018,20,126344668,22907267
2018,19,126347696,22904669
2018,2,126341025,22912050
2018,12,126347800,22907297
2018,18,126341111,22907307
2018,3,126347907,22904703
2018,18,126345084,22904710
2018,20,126345090,22912089
2018,20,126348048,22904716
2018,20,126351547,22912126
2018,18,126345404,22904741
2018,18,126351572,22907350
2018,12,126356523,22912298
2018,12,126349657,22912320
2018,12,126353196,22904983
2018,12,126353200,22904986
2018,12,126349947,22912363
2018,20,130261571,23836814
2018,12,130261646,23836821
2018,12,130271522,23846815
2018,12,130271587,23836845
2018,20,130261814,23846836
2018,12,130267077,23836889
2018,18,130262193,23841903
2018,20,130271921,23836912
2018,12,130271942,23841914
2018,9,130262309,23836913
2018,10,130267420,23846917
2018,10,130267428,23836934
2018,12,123971510,22335896
2018,12,123976257,22335927
2018,20,123971869,22334843
2018,18,123976364,22334845
2018,20,123976597,22336017
2018,12,123980582,22340520
2018,12,123980603,22340523
2018,19,123976218,22335911
2018,12,123970078,22340455
2018,12,123972122,22336002
2018,19,123976767,22336050
2018,12,123975906,22335839
2018,12,123969887,22340425
2018,12,127420060,23147890
2018,3,127420097,23147895
2018,18,127420125,23147902
2018,12,127415134,23145383
2018,20,127415162,23145388
2018,12,124805365,22534786
2018,12,124800715,22535434
2018,12,124801103,22529798
2018,18,127415135,23147887
2018,12,127424889,23140642
2018,3,127424932,23140650
2018,12,127420119,23140654
2018,20,127415246,23147905
2018,12,127415163,23140644
2018,12,137882265,25835812
2018,20,137879101,25842699
2018,20,137886635,25842735
2018,3,137886759,25839967
2018,12,137880188,25840098
2018,20,137887446,25836105
2018,3,126340424,22911957
2018,9,126347383,22907235
2018,3,126347413,22904617
2018,12,126347455,22907242
2018,12,126340541,22911975
2018,12,126344527,22911981
2018,12,126340617,22911991
2018,9,126347537,22911989
2018,20,126340721,22912009
2018,12,126344694,22904649
2018,5,126344769,22904665
2018,3,126347711,22907282
2018,12,126340909,22904676
2018,12,126340964,22907286
2018,20,126340996,22912046
2018,9,126344892,22904685
2018,18,126347901,22912075
2018,19,126347911,22912078
2018,12,126347926,22904705
2018,18,126345168,22912101
2018,20,126351352,22912110
2018,18,126345261,22907335
2018,20,126351472,22904733
2018,12,126351478,22904734
2018,20,126348183,22907346
2018,20,126351600,22904745
2018,18,126351602,22904746
2018,20,126351622,22912133
2018,20,126351627,22907358
2018,12,126348354,22907362
2018,12,126348418,22907372
2018,9,126348434,22904767
2018,12,126348488,22904774
2018,12,126348536,22904784
2018,12,126352147,22912210
2018,12,126345923,22907437
2018,20,126348817,22907440
2018,12,126348946,22907461
2018,18,126346125,22904855
2018,12,126352458,22912254
2018,12,126356513,22904907
2018,12,126352799,22912306
2018,12,123975900,22334769
2018,20,123975912,22334775
2018,9,123969716,22335845
2018,12,123969762,22340408
2018,12,123975986,22340414
2018,12,123976033,22340420
2018,20,123976040,22334793
2018,20,123976109,22340437
2018,19,123971593,22340451
2018,12,123970094,22340459
2018,9,123971680,22335934
2018,12,123976289,22340471
2018,20,123971906,22335967
2018,20,123971916,22335971
2018,18,123976433,22334858
2018,18,123980406,22340509
2018,19,123980491,22340514
2018,20,123980532,22340515
2018,18,123976657,22336032
2018,12,123972372,22336033
2018,12,123971166,22335840
2018,12,123971167,22334773
2018,12,123975911,22334774
2018,12,123969889,22340426
2018,18,123971591,22335909
2018,2,123971628,22335920
2018,18,123972041,22335992
2018,20,123976490,22335998
2018,3,123976524,22334866
2018,12,123976623,22334878
2018,20,123971244,22340411
2018,11,123971292,22335864
2018,12,123969845,22340419
2018,9,123971315,22334792
2018,12,123971337,22334794
2018,3,123976052,22334796
2018,20,123969972,22340442
2018,12,123976209,22335905
2018,20,123971596,22340452
2018,12,123976234,22334823
2018,12,123976291,22335940
2018,12,123976388,22335972
2018,20,123971999,22335986
2018,20,123972065,22334861
2018,12,123971168,22335843
2018,12,123971203,22335849
2018,12,126345545,22904761
2018,12,123971241,22340409
2018,12,123969872,22334795
2018,18,123969891,22340427
2018,20,123970036,22335906
2018,12,123976222,22335912
2018,20,126345661,22904782
2018,12,123970113,22340464
2018,12,123976267,22335931
2018,12,123971676,22340467
2018,12,123976293,22334831
2018,12,123970200,22340477
2018,23,123976350,22335958
2018,12,126345748,22907409
2018,12,126345898,22912208
2018,20,123976370,22334847
2018,19,123980339,22334857
2018,18,123972039,22335991
2018,20,126352228,22904832
2018,12,126352317,22904843
2018,20,126349091,22912250
2018,12,126356252,22904873
2018,10,126352508,22907491
2018,20,126352521,22912268
2018,12,123017280,22112834
2018,12,123017303,22108023
2018,12,123012694,22112840
2018,3,123008784,22112842
2018,6,123017331,22108026
2018,12,123017330,22112846
2018,12,123017339,22108028
2018,20,123017347,22112850
2018,20,123008807,22103178
2018,12,123012729,22108031
2018,12,123008824,22112854
2018,14,123008863,22112858
2018,14,123017418,22108043
2018,12,123017443,22108049
2018,12,123017444,22108050
2018,12,123008897,22112862
2018,20,123008904,22108052
2018,20,123008913,22112864
2018,14,123008931,22112867
2018,10,123017495,22108057
2018,12,123008955,22112873
2018,18,123008971,22112875
2018,12,123017517,22108061
2018,20,123008997,22103181
2018,12,123017587,22108074
2018,20,123009042,22112886
2018,12,123009066,22112891
2018,18,123012797,22103184
2018,12,123017722,22103201
2018,12,123017727,22112903
2018,12,123017742,22108106
2018,12,123012995,22103212
2018,12,123013012,22103213
2018,20,123017788,22112914
2018,20,123017819,22108121
2018,12,123971636,22335924
2018,12,123971265,22335860
2018,12,123976168,22334815
2018,19,123971721,22335939
2018,18,123971871,22340494
2018,18,123970255,22340493
2018,18,123970260,22340496
2018,12,123970260,22340495
2018,12,123971947,22335975
2018,10,123971975,22335984
2018,12,123976483,22334863
2018,20,123980430,22335997
2018,18,123980612,22340525
2018,20,123017625,22108082
2018,9,123017690,22108095
2018,12,123013094,22103231
2018,12,123972375,22334881
2018,20,123017640,22103190
2018,12,123009101,22112896
2018,12,123009099,22108090
2018,18,123017729,22108102
2018,9,123017729,22108101
2018,12,123009270,22112918
2018,12,123972327,22336025
2018,12,123012884,22108092
2018,12,123012926,22108097
2018,12,124797038,22535356
2018,12,124797109,22535367
2018,12,124795292,22534778
2018,12,124805385,22529748
2018,12,124797391,22535420
2018,18,124805426,22529759
2018,12,124805429,22529761
2018,12,124797445,22535430
2018,20,124800907,22535444
2018,3,124801021,22534821
2018,18,124785256,22529692
2018,20,124785291,22529699
2018,18,124797138,22535373
2018,12,124795322,22535393
2018,12,124797307,22529741
2018,18,124800711,22534799
2018,18,124797451,22529765
2018,20,124800772,22529771
2018,20,124805499,22534807
2018,12,124801097,22529797
2018,12,124795104,22534755
2018,12,124800456,22534776
2018,12,124800549,22529738
2018,2,124800590,22529746
2018,20,124805697,22529805
2018,19,124785289,22529697
2018,12,124797063,22535360
2018,20,124785312,22534758
2018,12,124795147,22534763
2018,11,124785324,22529707
2018,12,124800332,22534766
2018,12,124800385,22529721
2018,12,124795279,22535390
2018,12,124797242,22535391
2018,12,124797438,22535427
2018,12,124800703,22534798
2018,12,124800748,22535435
2018,22,124805468,22535437
2018,3,124800807,22529773
2018,9,124805521,22534808
2018,20,124797589,22535447
2018,18,124797622,22535450
2018,20,124797712,22535467
2018,20,124801180,22529806
2018,9,141512363,27411335
2018,18,141858084,27500570
2018,12,142232296,27603446
2018,12,141116662,27265667
2018,12,142405851,27640712
2018,12,141509391,27390940
2018,12,139160821,26198928
2018,12,137882188,25839811
2018,12,137883156,25835939
2018,2,137883294,25835960
2018,12,137877893,25835713
2018,12,137882195,25835802
2018,18,137883258,25839959
2018,12,137883699,25840047
2018,10,137883753,25842830
2018,12,137881648,25839716
2018,22,137882135,25835793
2018,9,137879997,25836048
2018,12,137882126,25839800
2018,20,137876044,25839818
2018,20,137882372,25835825
2018,12,137882786,25839880
2018,12,137886387,25835879
2018,3,137883508,25836006
2018,12,137883507,25836005
2018,20,137875670,25835702
2018,12,137882051,25842619
2018,18,137879932,25836040
2018,12,137881531,25839700
2018,12,137881610,25835708
2018,12,137881773,25835740
2018,12,137878195,25839771
2018,6,138796084,26128739
2018,12,138653864,26058941
2018,18,138654042,26058973
2018,18,138806575,26128799
2018,12,141858098,27500576
2018,12,138736161,26086752
2018,12,138736162,26086753
2018,9,138799577,26124300
2018,12,139086831,26183678
2018,3,138983586,26163698
2018,12,138656897,26066752
2018,12,138656898,26066753
2018,12,138656915,26066757
2018,12,138656916,26066758
2018,12,138656902,26066754
2018,11,137877853,25835703
2018,12,137879646,25839989
2018,12,137883682,25842826
2018,12,137877873,25835706
2018,12,137881632,25835715
2018,12,137881810,25835746
2018,20,137881840,25835752
2018,12,137881867,25835756
2018,18,137877916,25839720
2018,20,137877884,25839713
2018,12,137875870,25842598
2018,12,137878962,25839881
2018,20,137878979,25839884
2018,2,137882919,25839903
2018,12,137887317,25842861
2018,18,137880363,25836104
2018,19,137884181,25836117
2018,12,137881752,25839737
2018,12,137877989,25839736
2018,20,137881996,25839779
2018,9,137875943,25839786
2018,12,137878389,25842626
2018,12,137879055,25839895
2018,9,137886670,25842741
2018,9,137879498,25835977
2018,20,137877838,25839703
2018,12,137877917,25835723
2018,12,137882239,25835807
2018,20,137878540,25839826
2018,12,137882366,25842644
2018,9,137882806,25835882
2018,12,137886538,25835920
2018,12,137883114,25842732
2018,18,137883252,25842754
2018,12,137879754,25840018
2018,12,137877895,25839715
2018,12,137877910,25835722
2018,12,137879885,25836033
2018,20,137881551,25839701
2018,12,137881592,25835704
2018,19,137878091,25835753
2018,20,137882791,25839882
2018,12,137879356,25839946
2018,12,137875816,25839756
2018,20,137882215,25835806
2018,12,137879242,25842724
2018,12,137887892,25836236
2018,10,137886677,25842745
2018,18,137879467,25839970
2018,19,137880413,25840128
2018,18,137878054,25842587
2018,12,137886702,25839957
2018,12,137875681,25839706
2018,12,137878093,25839755
2018,12,137882982,25835916
2018,18,137886557,25842719
2018,12,137883641,25840030
2018,12,137880037,25840070
2018,12,137878106,25842591
2018,12,137881956,25835770
2018,12,137878478,25839819
2018,12,137882926,25842700
2018,18,141724831,27472970
2018,9,141456751,27386911
2018,12,117385020,20900080
2018,12,117385046,20900087
2018,20,117386088,20900321
2018,12,117384091,20899932
2018,12,117384739,20900038
2018,12,117386129,20900327
2018,12,117386702,20900479
2018,12,117384650,20900023
2018,12,117384667,20900026
2018,12,117385001,20900077
2018,3,117384100,20899937
2018,3,117384404,20899982
2018,2,117384436,20899986
2018,12,117386617,20900462
2018,12,117383648,20899853
2018,12,117383722,20899862
2018,19,117384658,20900024
2018,12,117384965,20900068
2018,12,119928017,21427815
2018,12,119928095,21427821
2018,12,119928958,21427978
2018,12,119929183,21428003
2018,20,119929381,21428062
2018,20,119929587,21428120
2018,12,119929942,21428196
2018,12,119930084,21428228
2018,12,119930784,21428435
2018,12,119931061,21428501
2018,12,119931101,21428512
2018,12,119931143,21428522
2018,12,119931148,21428523
2018,12,117384313,20899966
2018,12,117384649,20900021
2018,12,117384938,20900061
2018,12,117384119,20899938
2018,20,117386333,20900382
2018,10,117388955,20901039
2018,18,117386641,20900465
2018,3,130271425,23841820
2018,20,130271491,23836826
2018,12,130271525,23846817
2018,12,130271561,23846829
2018,12,130261773,23836843
2018,12,130271568,23846830
2018,12,130271586,23846833
2018,18,130266818,23841845
2018,9,130266814,23841844
2018,20,117386105,20900324
2018,20,117384695,20900030
2018,20,117386194,20900345
2018,20,117387993,20900777
2018,12,117386355,20900389
2018,12,117384308,20899964
2018,12,117384320,20899967
2018,12,117384664,20900025
2018,12,117386695,20900477
2018,12,117386336,20900387
2018,19,130358512,23863158
2018,10,130352611,23857702
2018,12,130356833,23854993
2018,12,130347904,23855011
2018,12,130347956,23862607
2018,12,130356999,23857772
2018,12,130348169,23857791
2018,12,130357066,23855047
2018,12,130357071,23857799
2018,12,130348219,23862651
2018,12,130348220,23862652
2018,12,130348239,23862656
2018,3,130348362,23862678
2018,12,130348387,23862689
2018,12,130353116,23855067
2018,12,130348404,23862695
2018,20,130348405,23862696
2018,2,130348407,23862697
2018,18,130348499,23862710
2018,20,130349797,23863002
2018,18,130358057,23855276
2018,20,130350638,23863122
2018,22,130354516,23855337
2018,22,130358429,23855336
2018,12,130358489,23858128
2018,12,130354585,23863157
2018,12,130354594,23858130
2018,20,130354605,23858134
2018,12,130261734,23836834
2018,12,130266997,23841873
2018,11,130267263,23846902
2018,18,130267376,23841937
2018,20,130267466,23841948
2018,12,130271630,23846837
2018,18,130267072,23841888
2018,12,130267079,23841890
2018,10,130271899,23841909
2018,12,130271411,23846803
2018,12,130261831,23841846
2018,12,130266995,23846863
2018,12,130267035,23841882
2018,3,130262226,23836904
2018,18,130271970,23846906
2018,18,130267370,23841933
2018,20,130272104,23836944
2018,15,130262015,23846867
2018,9,130267049,23836885
2018,12,130262483,23841944
2018,12,130347709,23862568
2018,20,130347850,23855007
2018,12,130352900,23857762
2018,12,130348050,23862621
2018,20,130352957,23857778
2018,18,130348164,23855038
2018,15,130348206,23862645
2018,18,130348357,23862677
2018,20,130348398,23862694
2018,12,130348423,23862700
2018,20,130353170,23857832
2018,19,130348509,23862714
2018,20,130350054,23863040
2018,20,130354184,23863044
2018,3,130358255,23855305
2018,20,130358380,23863121
2018,20,130354462,23858104
2018,20,130358386,23855328
2018,20,130358387,23858105
2018,12,130350702,23863131
2018,12,130357021,23855031
2018,20,130357023,23862626
2018,12,130357068,23855048
2018,3,130348363,23857811
2018,12,130348384,23855065
2018,12,130348396,23855066
2018,20,130357206,23862707
2018,20,130348501,23862712
2018,12,130350745,23863142
2018,20,130354565,23863152
2018,18,130350819,23863163
2018,12,130357076,23855051
2018,18,130349989,23863031
2018,12,130354225,23858064
2018,20,130354255,23858069
2018,19,130350207,23863051
2018,18,130350222,23863052
2018,20,130358384,23855327
2018,12,130358432,23855338
2018,3,139081224,26188117
2018,12,137881625,25835710
2018,20,137881993,25842609
2018,9,137878877,25839867
2018,18,137886587,25842723
2018,12,137883159,25842736
2018,12,137879419,25839962
2018,12,137883539,25836011
2018,12,137879698,25842812
2018,12,137887241,25840084
2018,12,130358355,23858100
2018,20,130354470,23855329
2018,12,130350648,23855330
2018,12,130358397,23858107
2018,12,130358407,23855331
2018,18,130350715,23863133
2018,12,130354593,23855355
2018,18,130350836,23863169
2018,12,130356812,23854992
2018,12,130348212,23862648
2018,18,130348354,23862676
2018,12,130348353,23862675
2018,20,130348364,23862680
2018,12,130348365,23862681
2018,12,130353124,23857820
2018,10,130357173,23857821
2018,20,130348459,23862705
2018,20,130353200,23862713
2018,20,130358393,23863124
2018,12,130350704,23858119
2018,20,130350793,23863154
2018,20,130350802,23863155
2018,20,130358524,23863161
2018,12,130350818,23855358
2018,18,130261582,23841821
2018,12,130261731,23846821
2018,2,130261731,23846820
2018,2,130266887,23846846
2018,3,130262096,23836891
2018,12,130267188,23841907
2018,12,130357000,23855022
2018,12,130348136,23862630
2018,18,130357063,23855044
2018,12,130348366,23862682
2018,20,130348391,23862691
2018,12,130348397,23862693
2018,10,130348402,23855068
2018,2,130348456,23862704
2018,12,130271488,23846809
2018,12,130261741,23836835
2018,12,130266855,23846841
2018,12,130262014,23836873
2018,3,130262190,23836901
2018,20,130267460,23841946
2018,9,130266933,23841858
2018,3,130266965,23836869
2018,20,130262196,23836902
2018,10,130271474,23836822
2018,20,130261717,23846814
2018,12,130267014,23846871
2018,12,130262026,23841877
2018,12,130262050,23846874
2018,4,130267241,23841912
2018,3,130267241,23841911
2018,18,130262313,23846901
2018,20,130267449,23836940
2018,20,130347654,23862564
2018,12,130347856,23862592
2018,12,130357082,23857804
2018,12,130348374,23862685
2018,20,130348382,23862688
2018,12,130348426,23862702
2018,12,130358134,23855288
2018,20,130350002,23863033
2018,18,130354253,23858068
2018,20,130349791,23862999
2018,20,130358035,23863001
2018,12,130349814,23863004
2018,9,130354136,23863035
2018,20,130350051,23863039
2018,20,130350091,23863043
2018,20,130350148,23863046
2018,12,130350200,23863050
2018,18,130350226,23863054
2018,20,130358304,23863088
2018,12,130350725,23863136
2018,12,130348348,23862672
2018,18,130348368,23862684
2018,12,130348377,23862686
2018,19,130357163,23855069
2018,20,130348462,23857831
2018,18,130349978,23863029
2018,18,130349977,23863028
2018,18,130358253,23855303
2018,12,130358354,23863120
2018,18,130358356,23858101
2018,12,130354497,23858112
2018,18,130354555,23863145
2018,12,130354555,23858124
2018,18,130350775,23858125
2018,12,130350780,23858126
2018,12,130347703,23857719
2018,12,130348367,23862683
2018,9,130348392,23862692
2018,9,130358062,23855279
2018,20,130358142,23855289
2018,3,130358144,23855291
2018,2,130358144,23855290
2018,3,130350059,23863041
2018,12,130354244,23858067
2018,18,130358408,23855332
2018,18,130358491,23855350
2018,22,130354595,23863160
2018,12,130261730,23846818
2018,12,130266815,23841842
2018,18,130267040,23841883
2018,12,130262156,23836898
2018,19,130262310,23841915
2018,12,130262436,23836929
2018,20,130272101,23836942
2018,12,137879332,25835942
2018,19,137883824,25836056
2018,12,137880052,25840072
2018,22,130347746,23854997
2018,12,130357009,23855026
2018,18,130348185,23862639
2018,12,130353099,23862679
2018,12,130348411,23862698
2018,12,130353148,23857827
2018,20,130348472,23862708
2018,20,130349980,23863030
2018,18,130350053,23858059
2018,18,130354268,23858070
2018,12,130347830,23857737
2018,12,130352955,23857773
2018,12,130348063,23857774
2018,12,130353101,23857813
2018,18,130358360,23855323
2018,12,130352715,23862576
2018,12,130348052,23862622
2018,20,130348208,23862647
2018,12,130353110,23857817
2018,12,130353117,23857818
2018,20,130348445,23862703
2018,20,130353158,23857829
2018,12,130353201,23855082
2018,18,130358061,23855278
2018,18,130354457,23858103
2018,12,130350730,23863138
2018,20,130358479,23863147
2018,20,130358487,23863151
2018,12,130354589,23858129
2018,20,130358527,23863162
2018,18,130350828,23858132
2018,20,130348536,23857840
2018,20,130358236,23863048
2018,12,130354451,23858102
2018,12,130350684,23858115
2018,12,130354559,23863148
2018,12,130350782,23863149
2018,12,130350825,23863165
2018,18,124797635,22534820
2018,12,124801134,22529803
2018,20,124805695,22535471
2018,20,124801196,22529807
2018,10,130347574,23862553
2018,12,130352687,23857718
2018,12,130347919,23862600
2018,12,130353035,23857803
2018,12,130353097,23857810
2018,20,130353155,23857828
2018,12,130357237,23857838
2018,20,130354191,23858061
2018,12,130354218,23855299
2018,9,130350223,23863053
2018,18,130354266,23855304
2018,20,130350762,23863143
2018,4,130354586,23855352
2018,18,130350831,23863167
2018,20,130352878,23857758
2018,12,130348072,23855028
2018,12,130353016,23857798
2018,3,130353033,23857802
2018,12,130353098,23862674
2018,12,130353100,23857812
2018,12,130357180,23857824
2018,20,130348537,23862721
2018,20,130350552,23855320
2018,20,130358365,23855326
2018,12,130350661,23858110
2018,18,130350795,23855351
2018,9,130356890,23862591
2018,12,130356905,23862598
2018,12,130357014,23862625
2018,12,130357022,23855032
2018,5,130348425,23862701
2018,20,130348497,23855080
2018,18,130348500,23862711
2018,12,130354123,23858058
2018,19,130354195,23858062
2018,18,130354526,23858120
2018,18,130358519,23855356
2018,20,130350826,23863166
2018,12,126340572,22911978
2018,3,126356575,22907535
2018,20,126340691,22904641
2018,18,126340962,22904679
2018,12,126340985,22912044
2018,12,126347773,22907290
2018,18,126351280,22904713
2018,20,126345176,22912104
2018,18,126345198,22907328
2018,3,126351382,22912114
2018,19,126345386,22912124
2018,9,126349729,22904950
2018,12,126356865,22904957
2018,12,126357000,22907582
2018,20,126357126,22904992
2018,18,126340442,22904613
2018,12,126347545,22907259
2018,2,126347605,22912010
2018,12,126341079,22912063
2018,19,126351373,22907330
2018,9,126356594,22904918
2018,3,126352740,22912297
2018,12,126356593,22904917
2018,20,124785271,22535350
2018,12,124785278,22529695
2018,12,124800359,22529711
2018,12,124800503,22529731
2018,19,124800714,22534801
2018,12,124805529,22534809
2018,20,124797652,22535455
2018,12,124805668,22529800
2018,18,124801129,22535464
2018,12,124805712,22534831
2018,9,130271778,23846868
2018,12,130267041,23841884
2018,20,130267175,23846892
2018,3,130271906,23836909
2018,12,126352802,22904912
2018,12,126353073,22904966
2018,18,126349846,22907575
2018,12,126356953,22904973
2018,18,126349867,22912348
2018,12,126357040,22907588
2018,20,126348374,22912140
2018,12,126351841,22907385
2018,5,126352001,22912184
2018,12,126348909,22907454
2018,12,126348922,22912234
2018,18,126356160,22904861
2018,20,126356222,22912257
2018,19,126349253,22907503
2018,18,126352626,22907511
2018,12,126345735,22912177
2018,9,126348704,22907420
2018,12,126348721,22912200
2018,9,126348720,22912199
2018,12,126348889,22907449
2018,20,126352338,22912238
2018,3,126349043,22907471
2018,12,126356236,22907485
2018,12,126352516,22907492
2018,12,126356305,22904882
2018,20,123975941,22335852
2018,12,123976163,22334812
2018,12,123969989,22340443
2018,12,123976213,22340450
2018,18,123971810,22340483
2018,12,123971965,22340503
2018,19,123976556,22334869
2018,19,123972233,22334872
2018,9,123972233,22334871
2018,20,123980535,22336015
2018,18,123980554,22340516
2018,20,126349240,22904885
2018,20,126352563,22912276
2018,20,126352624,22912288
2018,12,123971159,22335836
2018,9,123975983,22335858
2018,12,130347608,23862558
2018,5,130357243,23862716
2018,9,130354188,23858060
2018,18,130354205,23863045
2018,12,130354510,23863127
2018,12,130350685,23863128
2018,20,130354587,23855353
2018,20,130350814,23863159
2018,12,130261644,23846807
2018,12,130266704,23846819
2018,12,130271774,23846864
2018,12,130262407,23836923
2018,12,123971633,22335922
2018,12,123970081,22340456
2018,19,123971656,22334825
2018,12,123976261,22334827
2018,12,123971700,22335937
2018,20,126344663,22904645
2018,19,126344688,22904648
2018,19,123976339,22334838
2018,18,123972292,22340517
2018,18,123976653,22336031
2018,19,126351309,22912093
2018,20,126348082,22912111
2018,18,123972564,22336057
2018,9,126347376,22907234
2018,12,126345821,22912193
2018,12,126344747,22904659
2018,20,126347703,22907280
2018,20,126344811,22907283
2018,12,126340907,22907284
2018,6,126341009,22904682
2018,9,126341014,22912048
2018,12,126347786,22907293
2018,12,126344941,22907304
2018,18,126348712,22912197
2018,18,126345121,22904712
2018,20,126345315,22907344
2018,12,126345569,22904765
2018,12,126345619,22912151
2018,12,126351836,22907383
2018,12,124785258,22529693
2018,6,124795095,22534754
2018,12,124795136,22529703
2018,12,124795329,22529733
2018,20,124797719,22535469
2018,20,124801208,22534832
2018,12,130347838,23862589
2018,20,130356941,23855013
2018,19,130348055,23862623
2018,12,130348502,23855081
2018,12,130354492,23855335
2018,12,130358437,23855341
2018,12,130358474,23863144
2018,12,130354561,23858127
2018,20,130358538,23855361
2018,9,126352532,22904881
2018,18,126352537,22907501
2018,12,124800468,22529727
2018,12,124797325,22535402
2018,3,124797369,22535414
2018,3,124800617,22529750
2018,20,124797550,22535443
2018,12,124795177,22529708
2018,12,124805450,22534800
2018,12,124797511,22529775
2018,20,124800911,22529781
2018,12,124801107,22535461
2018,12,137881630,25835714
2018,12,137875752,25835736
2018,12,137875830,25839759
2018,12,124800669,22534795
2018,20,124797472,22535436
2018,10,124801142,22529804
2018,19,130266901,23836860
2018,12,130262018,23846870
2018,12,130262022,23836875
2018,12,130262029,23836877
2018,12,130262192,23841902
2018,9,130262239,23836906
2018,20,130352718,23854998
2018,12,130352794,23857742
2018,20,130352875,23857757
2018,12,130348165,23862633
2018,2,130357055,23855041
2018,18,130348182,23862638
2018,12,130353104,23857814
2018,12,130357152,23855064
2018,18,130353199,23857837
2018,20,130354120,23858056
2018,9,130358159,23863036
2018,12,130350617,23855325
2018,18,130350683,23858114
2018,12,130354521,23858117
2018,18,130350760,23855347
2018,10,126344464,22904620
2018,12,126340606,22907255
2018,20,126344620,22904635
2018,12,126340728,22912013
2018,20,126347653,22912024
2018,18,126340891,22912035
2018,12,126344808,22912036
2018,20,126344814,22904674
2018,18,126344923,22912062
2018,20,126351232,22907313
2018,12,126348036,22907325
2018,18,126348053,22907326
2018,20,126345319,22904737
2018,12,126356511,22904906
2018,20,126353078,22912344
2018,12,139039588,26171698
2018,3,139258946,26226819
2018,12,138653856,26058939
2018,12,139258966,26226821
2018,12,138653814,26058931
2018,12,138653813,26058930
2018,12,138653819,26058932
2018,12,138653828,26058933
2018,2,138795791,26128696
2018,20,138653870,26058942
2018,12,138653835,26058934
2018,18,138653847,26058935
2018,12,137881593,25839707
2018,9,137875952,25835783
2018,12,137883054,25835927
2018,12,137887303,25842858
2018,12,137877789,25839694
2018,12,137877896,25835717
2018,12,137878005,25839741
2018,12,137880117,25840081
2018,12,137881135,25840229
2018,12,137878048,25839748
2018,2,137875849,25842594
2018,12,137881968,25835773
2018,12,137879408,25835954
2018,12,137880181,25840095
2018,20,137879173,25842715
2018,20,137886688,25842748
2018,12,137879538,25835986
2018,12,137883622,25840021
2018,12,137877961,25839730
2018,12,117384402,20899981
2018,12,123975918,22335846
2018,12,123971218,22334780
2018,20,123969814,22340415
2018,9,123971308,22335867
2018,19,123971469,22340441
2018,2,123971612,22334824
2018,2,123970065,22340454
2018,2,123971653,22335925
2018,12,123976270,22340465
2018,20,123971897,22335965
2018,18,123976374,22334849
2018,12,123971963,22335981
2018,12,123980383,22340507
2018,19,123976561,22336010
2018,18,123972332,22336026
2018,11,123972343,22340521
2018,20,123972411,22336038
2018,18,123980699,22334885
2018,12,117384727,20900036
2018,12,117384195,20899950
2018,20,117389880,20901240
2018,12,118965035,21225977
2018,20,118966292,21226167
2018,12,118964628,21225903
2018,20,118965361,21226035
2018,12,118964994,21225966
2018,12,118965329,21226023
2018,12,118965382,21226041
2018,12,119542663,21348013
2018,20,119542718,21348026
2018,12,119542868,21348039
2018,12,119543049,21348064
2018,12,119543197,21348089
2018,12,119543402,21348132
2018,12,119543406,21348133
2018,12,119544421,21348265
2018,12,119543013,21348055
2018,19,119543338,21348121
2018,12,119544027,21348187
2018,20,119544471,21348277
2018,12,119545043,21348399
2018,20,118964053,21225816
2018,20,118964109,21225820
2018,12,118966309,21226170
2018,20,118251433,21074602
2018,12,118251994,21074698
2018,12,118252293,21074775
2018,12,118252739,21074869
2018,20,118257580,21075956
2018,12,118251919,21074685
2018,20,118252321,21074779
2018,12,118255748,21075527
2018,19,118255791,21075536
2018,20,118257361,21075897
2018,20,118251464,21074607
2018,24,118251552,21074619
2018,10,118251552,21074620
2018,12,118252005,21074699
2018,12,118252085,21074715
2018,20,118255732,21075520
2018,12,119542668,21348016
2018,12,119542989,21348051
2018,12,119543194,21348088
2018,12,119544350,21348249
2018,12,119545042,21348398
2018,12,119542939,21348045
2018,12,119543017,21348056
2018,12,119543207,21348090
2018,12,119543466,21348142
2018,12,119544530,21348288
2018,20,119928547,21427910
2018,20,119929394,21428065
2018,20,119929576,21428118
2018,20,119929669,21428136
2018,12,119930953,21428478
2018,18,119931113,21428516
2018,12,119931703,21428686
2018,20,119931799,21428703
2018,18,119931862,21428722
2018,12,119931932,21428742
2018,12,119932088,21428777
2018,12,119932214,21428796
2018,12,119932236,21428803
2018,12,119932401,21428841
2018,20,119932463,21428867
2018,20,119932519,21428892
2018,20,119932527,21428894
2018,3,118964022,21225807
2018,20,119931979,21428757
2018,18,119932447,21428860
2018,20,119932597,21428910
2018,12,118964904,21225948
2018,12,118965309,21226018
2018,12,118965350,21226030
2018,18,119542704,21348024
2018,12,119543054,21348066
2018,12,119543232,21348093
2018,19,119543473,21348144
2018,18,119544021,21348185
2018,12,118964490,21225881
2018,14,118964536,21225891
2018,12,118964792,21225924
2018,9,118964914,21225951
2018,12,118965029,21225976
2018,9,118964803,21225927
2018,12,118964809,21225929
2018,12,118964889,21225943
2018,20,118965088,21225985
2018,20,118965752,21226090
2018,20,118965789,21226097
2018,20,118965931,21226117
2018,18,118965990,21226122
2018,12,118966220,21226155
2018,12,118966215,21226154
2018,12,119927096,21427664
2018,12,119927211,21427678
2018,18,119927270,21427686
2018,12,119927261,21427685
2018,10,119927397,21427717
2018,12,119927570,21427746
2018,6,119927563,21427744
2018,12,119927683,21427759
2018,12,119927728,21427767
2018,12,119927818,21427785
2018,22,119927974,21427808
2018,12,119928016,21427814
2018,18,119928209,21427848
2018,20,119928263,21427854
2018,12,119928334,21427864
2018,20,119928480,21427895
2018,12,119928534,21427909
2018,12,119928557,21427914
2018,20,119928584,21427919
2018,9,119928675,21427929
2018,12,119928934,21427976
2018,12,119928944,21427977
2018,12,119929047,21427985
2018,12,119929477,21428090
2018,20,119929606,21428123
2018,18,119929877,21428184
2018,12,119930187,21428254
2018,12,119930309,21428299
2018,12,119927014,21427645
2018,12,119927312,21427695
2018,20,119928300,21427859
2018,12,119928352,21427867
2018,10,119928424,21427882
2018,12,119928477,21427894
2018,12,119928558,21427915
2018,6,119928563,21427916
2018,12,119928878,21427969
2018,12,119929303,21428032
2018,20,119929358,21428052
2018,20,119929395,21428064
2018,20,119929402,21428067
2018,20,119929522,21428102
2018,12,119929985,21428208
2018,12,119930441,21428340
2018,12,119930510,21428358
2018,12,119930589,21428382
2018,12,118251402,21074596
2018,20,118251558,21074621
2018,12,118251884,21074678
2018,20,118254456,21075187
2018,20,118964082,21225818
2018,12,118966232,21226158
2018,18,118966339,21226175
2018,12,119543070,21348071
2018,18,119544192,21348228
2018,18,119544258,21348233
2018,20,119544287,21348240
2018,12,119544422,21348266
2018,12,123976019,22340416
2018,12,123976029,22334790
2018,12,123971314,22335868
2018,12,123971327,22335870
2018,18,123969913,22335881
2018,20,123971426,22334802
2018,20,123976112,22334806
2018,12,123976162,22334811
2018,10,123971515,22335898
2018,11,123971513,22335897
2018,12,123971517,22335899
2018,12,123970031,22340449
2018,12,123970041,22335908
2018,12,123971594,22335910
2018,12,123976266,22334828
2018,12,123976288,22334829
2018,12,123976321,22335947
2018,12,123970209,22335950
2018,14,123971846,22340489
2018,20,123971849,22335955
2018,18,123971970,22335983
2018,18,123972047,22340510
2018,20,123972086,22340512
2018,20,123972096,22336001
2018,20,123976491,22335999
2018,12,123972162,22336006
2018,18,123972230,22336011
2018,20,123976604,22336019
2018,19,123972291,22336021
2018,19,123976613,22336022
2018,2,123976613,22334876
2018,12,119543034,21348059
2018,12,119544351,21348250
2018,12,119544367,21348254
2018,6,118964547,21225892
2018,12,118964911,21225950
2018,12,118965816,21226102
2018,12,118966253,21226162
2018,12,119542886,21348041
2018,10,119542931,21348043
2018,12,119542934,21348044
2018,20,119543287,21348106
2018,18,119544644,21348314
2018,12,119545062,21348400
2018,12,119542652,21348011
2018,12,119542672,21348019
2018,12,119542973,21348048
2018,20,119543029,21348058
2018,12,119543024,21348057
2018,18,119544032,21348190
2018,18,119544091,21348194
2018,20,119544416,21348264
2018,12,119544666,21348319
2018,10,119544718,21348336
2018,12,119545012,21348392
2018,12,118964769,21225919
2018,12,118965068,21225983
2018,12,118966246,21226159
2018,20,119928393,21427877
2018,18,118965374,21226038
2018,12,119542794,21348032
2018,3,118965313,21226019
2018,12,118966255,21226163
2018,12,118965039,21225979
2018,20,118965308,21226017
2018,12,118965755,21226091
2018,20,119927392,21427715
2018,12,119927702,21427764
2018,12,119927846,21427792
2018,12,119928322,21427863
2018,18,119928506,21427902
2018,12,119928548,21427911
2018,12,119928603,21427922
2018,20,119542785,21348029
2018,20,119542784,21348028
2018,12,119543065,21348068
2018,19,119543330,21348119
2018,20,119543497,21348147
2018,9,119542706,21348025
2018,12,119542944,21348046
2018,20,119543151,21348084
2018,20,119543176,21348087
2018,18,119544026,21348186
2018,20,119927391,21427713
2018,12,119927630,21427753
2018,12,119927684,21427760
2018,6,119927686,21427761
2018,6,119927688,21427763
2018,9,119928099,21427822
2018,20,119928220,21427849
2018,12,119928271,21427855
2018,12,119928281,21427857
2018,12,119928514,21427904
2018,12,119928525,21427906
2018,12,119928532,21427907
2018,12,119928583,21427918
2018,20,119928678,21427930
2018,12,119928801,21427957
2018,6,119928801,21427956
2018,12,119928906,21427972
2018,2,119929028,21427984
2018,18,119929060,21427986
2018,12,119929110,21427989
2018,20,119929148,21427994
2018,12,119929152,21427995
2018,9,119929160,21427996
2018,20,119929162,21427998
2018,12,119929169,21428001
2018,12,119929170,21428002
2018,18,119929341,21428048
2018,20,119929396,21428066
2018,18,119929504,21428097
2018,19,119929717,21428146
2018,12,119930099,21428231
2018,18,119930341,21428306
2018,10,119930370,21428316
2018,20,119930397,21428324
2018,12,119930473,21428348
2018,12,119930597,21428385
2018,12,119930680,21428406
2018,12,119930756,21428427
2018,12,119930750,21428426
2018,12,119930789,21428437
2018,12,119930842,21428451
2018,12,119930921,21428473
2018,18,119930926,21428474
2018,12,119930956,21428481
2018,20,119930961,21428482
2018,12,119931126,21428520
2018,18,119931212,21428538
2018,18,119931290,21428560
2018,20,119931558,21428641
2018,20,119931795,21428701
2018,20,119931849,21428720
2018,12,119931894,21428733
2018,17,119931962,21428751
2018,18,119932175,21428789
2018,20,119932309,21428820
2018,9,119932340,21428829
2018,12,119932423,21428848
2018,20,119932427,21428851
2018,12,119932428,21428852
2018,20,119932510,21428889
2018,20,119932518,21428891
2018,9,119932549,21428901
2018,20,119932555,21428905
2018,12,119932572,21428907
2018,3,118964830,21225935
2018,3,118964815,21225931
2018,12,118965144,21225997
2018,9,118965211,21226009
2018,12,119928915,21427974
2018,20,119929505,21428098
2018,20,119929878,21428185
2018,12,119930151,21428244
2018,12,119930380,21428319
2018,19,119930496,21428354
2018,12,119930504,21428356
2018,12,119930767,21428431
2018,18,119931177,21428529
2018,12,119931218,21428540
2018,2,119931544,21428636
2018,18,119931590,21428655
2018,12,119931673,21428680
2018,12,119931920,21428739
2018,12,119932189,21428791
2018,12,119932252,21428806
2018,12,119932287,21428814
2018,22,119932312,21428821
2018,12,119932395,21428839
2018,18,119932434,21428853
2018,20,119932501,21428883
2018,20,119932503,21428885
2018,2,119932600,21428911
2018,12,119927049,21427651
2018,10,119927049,21427650
2018,12,119927164,21427671
2018,12,119927205,21427676
2018,12,119927222,21427680
2018,12,119927275,21427687
2018,12,119927313,21427694
2018,12,119927309,21427693
2018,18,119927320,21427697
2018,12,119927550,21427742
2018,12,119927625,21427752
2018,12,119927640,21427754
2018,9,119927777,21427777
2018,12,119927804,21427781
2018,12,119927898,21427797
2018,12,119927908,21427800
2018,18,119927994,21427810
2018,20,118964795,21225922
2018,12,118965328,21226024
2018,12,119542837,21348038
2018,20,119543348,21348122
2018,17,119544090,21348195
2018,12,119544132,21348208
2018,12,119544435,21348268
2018,9,119544526,21348286
2018,19,119544980,21348390
2018,12,123975903,22335837
2018,12,123971206,22335850
2018,12,123971242,22340410
2018,12,118964916,21225952
2018,12,118964951,21225956
2018,20,118965166,21226000
2018,12,118965562,21226067
2018,12,118966315,21226173
2018,12,119543146,21348083
2018,18,119542978,21348049
2018,12,119543052,21348065
2018,20,119543136,21348081
2018,18,119544275,21348237
2018,20,118966072,21226133
2018,20,118964508,21225885
2018,20,118965754,21226092
2018,3,119544509,21348284
2018,17,119544640,21348311
2018,20,119544678,21348323
2018,20,118251903,21074681
2018,19,118252087,21074716
2018,12,118252294,21074776
2018,20,118251588,21074624
2018,12,118252054,21074708
2018,9,118251939,21074687
2018,12,118254409,21075171
2018,19,118252731,21074868
2018,3,118255801,21075539
2018,20,138656963,26066767
2018,9,119543140,21348082
2018,19,119543492,21348146
2018,20,119544223,21348231
2018,20,119544631,21348306
2018,20,124797197,22534773
2018,12,124805434,22529762
2018,18,124797446,22535431
2018,12,124795243,22529724
2018,12,124797223,22535387
2018,18,127415201,23145395
2018,12,127415204,23145396
2018,18,124797064,22529700
2018,12,124785313,22529704
2018,12,124797097,22535364
2018,18,124800830,22529776
2018,12,124805551,22529783
2018,20,124797720,22535470
2018,12,126340578,22907250
2018,15,126347575,22912001
2018,20,126344719,22907272
2018,12,126341052,22904687
2018,12,126341061,22907301
2018,12,126351330,22912102
2018,19,126348202,22912122
2018,19,126348206,22907348
2018,18,126345374,22912123
2018,20,126348224,22912125
2018,12,126345542,22904760
2018,2,126345734,22907403
2018,5,126345734,22912176
2018,20,126352012,22904803
2018,18,126348717,22907425
2018,6,126352170,22904827
2018,20,126346004,22912229
2018,18,126352420,22904862
2018,20,126356251,22904872
2018,20,126349243,22904886
2018,12,126348389,22907370
2018,10,126351842,22907386
2018,12,126348516,22907390
2018,12,126352020,22907416
2018,12,126352049,22912192
2018,9,126352128,22912207
2018,12,126352150,22904822
2018,2,126352210,22907444
2018,3,126352212,22912222
2018,12,126352227,22912225
2018,12,126348884,22907448
2018,9,126346056,22912237
2018,19,126348972,22907466
2018,18,126349132,22907482
2018,12,126351811,22904772
2018,12,126351816,22912155
2018,12,126348489,22907384
2018,12,126345650,22912159
2018,20,126348540,22907394
2018,12,126348564,22912165
2018,12,126348574,22907401
2018,12,126348958,22907462
2018,12,126340612,22911988
2018,12,126344656,22904643
2018,12,126340711,22904646
2018,20,126340774,22912020
2018,18,126340789,22907273
2018,12,126344763,22904662
2018,12,126347749,22912042
2018,20,126347769,22912051
2018,19,126344967,22904696
2018,12,126356926,22904971
2018,18,126345148,22907324
2018,20,126351385,22907332
2018,18,126351566,22904742
2018,19,126345452,22907355
2018,9,126345452,22907354
2018,18,126351604,22904747
2018,5,126349377,22907514
2018,3,126356957,22907576
2018,12,126349870,22904974
2018,12,126353130,22912350
2018,12,126357006,22904976
2018,9,126349916,22907586
2018,20,126357029,22904980
2018,20,126353228,22907591
2018,20,126347446,22907241
2018,20,126344516,22911979
2018,12,126344540,22907256
2018,12,126340619,22911992
2018,20,126340716,22912008
2018,9,126340724,22912011
2018,12,126349632,22912316
2018,12,126344940,22904693
2018,10,126345311,22904735
2018,12,126348286,22907353
2018,10,126356924,22904970
2018,12,126353256,22907598
2018,18,126357116,22904991
2018,18,127415243,23140659
2018,12,126345686,22904790
2018,20,126348607,22907402
2018,20,126351993,22912183
2018,12,126352135,22904821
2018,12,126348864,22904833
2018,20,126356380,22907510
2018,19,126349267,22907505
2018,20,126349306,22907506
2018,12,127420054,23147889
2018,12,127420065,23145385
2018,12,127415200,23145394
2018,9,127415206,23140653
2018,10,124797088,22535362
2018,12,124797103,22535366
2018,12,124797152,22534772
2018,12,124795288,22534777
2018,18,124797417,22535423
2018,12,124797430,22535424
2018,12,127415158,23147892
2018,9,127424935,23140651
2018,12,126348423,22907373
2018,18,126351782,22904771
2018,20,126351935,22912171
2018,12,126352086,22907430
2018,12,126345974,22912228
2018,12,126348943,22907459
2018,21,126349022,22912242
2018,18,126346120,22912243
2018,12,126349046,22907472
2018,22,126356200,22912253
2018,20,126352455,22904867
2018,20,126349136,22912255
2018,20,126356240,22912259
2018,3,126349205,22907493
2018,12,126356299,22907496
2018,12,126352564,22912277
2018,20,126356371,22904890
2018,18,126356394,22904892
2018,12,126348366,22907365
2018,12,126345525,22912142
2018,12,126345555,22904762
2018,12,126348465,22907378
2018,12,126351920,22912167
2018,12,126352162,22912215
2018,20,126345961,22904834
2018,12,126352254,22904837
2018,12,126348895,22907451
2018,20,126352346,22912240
2018,19,126356138,22904856
2018,12,126349057,22904857
2018,18,126356260,22912265
2018,9,126352503,22912264
2018,12,126349321,22907508
2018,12,126356385,22912290
2018,9,126349362,22907513
2018,20,126345506,22912138
2018,12,126345565,22904763
2018,2,126345579,22904768
2018,19,126345637,22904777
2018,19,126345950,22907445
2018,20,126356195,22904865
2018,3,130356790,23862557
2018,12,130352958,23857779
2018,12,130348217,23862650
2018,22,130353109,23857816
2018,5,130357151,23855063
2018,4,130357186,23855073
2018,20,130357241,23862715
2018,18,130350655,23858109
2018,19,130358410,23855333
2018,12,130354485,23855334
2018,2,130358414,23863126
2018,12,130358435,23855339
2018,11,130358436,23855340
2018,12,130354523,23858118
2018,20,130358458,23855344
2018,20,130350736,23863141
2018,3,130358488,23863150
2018,20,130354570,23863153
2018,10,130350804,23863156
2018,20,130358523,23855357
2018,9,126340461,22904616
2018,3,126347429,22904619
2018,12,126344541,22904626
2018,12,126344555,22904628
2018,20,126344623,22904636
2018,12,126344700,22912019
2018,12,126340811,22904656
2018,12,126340908,22912038
2018,18,126344844,22904680
2018,20,126347785,22907292
2018,12,126352134,22904820
2018,12,126341051,22907295
2018,12,126344910,22904689
2018,12,126347798,22907296
2018,12,126352973,22912331
2018,18,126341128,22912069
2018,18,126351154,22912071
2018,19,126347968,22907314
2018,20,126351259,22907316
2018,12,126345115,22912092
2018,18,126351325,22912099
2018,20,126348060,22912105
2018,18,126345273,22907336
2018,12,126345274,22904727
2018,20,126352520,22904876
2018,18,126345321,22912121
2018,20,126348293,22907356
2018,20,126345501,22904755
2018,12,126345616,22912150
2018,12,126345659,22904781
2018,12,126348692,22907417
2018,6,126349329,22907509
2018,12,126352654,22912293
2018,12,126356481,22907519
2018,12,126352753,22904909
2018,15,126356571,22904914
2018,12,126352816,22907537
2018,12,126352822,22912311
2018,12,126349538,22907539
2018,20,126352837,22904921
2018,12,126349601,22904926
2018,12,126356717,22904930
2018,12,126356731,22904935
2018,20,126349664,22912321
2018,12,126349794,22907570
2018,12,126356905,22907573
2018,12,126356958,22912346
2018,12,126353136,22912351
2018,12,126357034,22904981
2018,12,126357042,22912357
2018,12,126357048,22904987
2018,17,126353216,22912358
2018,12,126353237,22907593
2018,12,126349950,22912365
2018,18,126353262,22912369
2018,12,126349980,22907604
2018,18,126349994,22904993
2018,2,126353299,22904994
2018,20,126350012,22912371
2018,18,126357153,22904996
2018,12,126340435,22911959
2018,12,126340910,22907285
2018,10,126340948,22904677
2018,18,126347957,22912085
2018,18,126347973,22904711
2018,19,126351347,22912108
2018,20,126348379,22904758
2018,6,126345668,22904785
2018,12,126345784,22904801
2018,18,126352087,22904817
2018,12,126348819,22904828
2018,20,126352413,22912249
2018,18,126352426,22904864
2018,19,126352544,22912272
2018,20,126356381,22912289
2018,12,126352675,22912294
2018,4,126340607,22911984
2018,12,126347802,22907298
2018,18,126351283,22907321
2018,18,126348026,22907322
2018,12,126349451,22904908
2018,12,126357010,22907585
2018,12,126349928,22904985
2018,20,126357087,22904990
2018,12,126349970,22907600
2018,12,126340494,22911969
2018,20,126344622,22912002
2018,18,126345136,22904715
2018,12,126348067,22912109
2018,20,126345215,22912112
2018,12,126345250,22907334
2018,18,126351597,22912130
2018,3,126348304,22907357
2018,12,126356595,22907540
2018,12,126352925,22904931
2018,12,126356729,22907551
2018,12,126351665,22912137
2018,12,126348463,22907377
2018,12,126348501,22904778
2018,12,126356142,22904858
2018,12,126356377,22904891
2018,12,139076420,26178556
2018,12,130271633,23846838
2018,12,130266846,23841848
2018,20,130261864,23846842
2018,12,130266879,23841853
2018,12,130271742,23846858
2018,20,130267218,23846895
2018,3,130271941,23846900
2018,18,130262330,23836916
2018,12,124797290,22535398
2018,12,124805409,22534793
2018,19,126340436,22907233
2018,12,126347459,22907244
2018,18,126344503,22911976
2018,12,126340579,22907251
2018,11,126347540,22904627
2018,12,126344589,22912000
2018,20,126344714,22904654
2018,12,126340904,22912037
2018,12,126356912,22904964
2018,20,126356512,22907522
2018,12,126349723,22904948
2018,12,126356798,22912336
2018,12,126353151,22907580
2018,18,126356991,22907581
2018,18,126357032,22907587
2018,20,130271485,23836823
2018,12,130261851,23836854
2018,18,130266896,23846849
2018,10,130267053,23836887
2018,18,130271877,23836900
2018,12,130262228,23836905
2018,20,130267367,23841931
2018,9,126344423,22911967
2018,12,126344492,22907247
2018,11,126347517,22911982
2018,12,126352897,22907547
2018,19,126347718,22904675
2018,18,126353120,22907577
2018,20,126348152,22907338
2018,19,126348214,22907349
2018,20,126349409,22904900
2018,9,126349507,22907531
2018,9,126349506,22907530
2018,12,126356716,22907549
2018,12,126349804,22904963
2018,19,126357004,22907584
2018,9,126357031,22912355
2018,12,126357035,22912356
2018,20,126349953,22912366
2018,19,126340482,22911968
2018,20,126347499,22907249
2018,12,126356586,22912310
2018,12,126344573,22904630
2018,12,126344586,22904632
2018,19,126347579,22912003
2018,20,126344711,22907271
2018,12,126341008,22907289
2018,5,126349435,22904903
2018,12,126356518,22907523
2018,18,126348042,22912095
2018,12,126345286,22904729
2018,5,126349508,22912304
2018,12,126349519,22912305
2018,3,126356703,22904927
2018,12,126353063,22912340
2018,12,126349814,22907574
2018,12,126349948,22912364
2018,20,141608743,27448830
2018,12,126351683,22907366
2018,12,126348755,22912205
2018,12,126352237,22912227
2018,2,126346076,22907465
2018,20,126349011,22904852
2018,9,126352500,22912263
2018,9,126352499,22907488
2018,19,126352545,22912273
2018,20,126356353,22912283
2018,12,124797095,22534764
2018,12,127420103,23147897
2018,12,127420109,23147899
2018,12,130261937,23846854
2018,12,130271709,23841857
2018,12,130267008,23841876
2018,12,130262017,23846869
2018,20,130262393,23841932
2018,12,130358058,23855277
2018,12,130354048,23863005
2018,9,130358136,23858057
2018,18,130358412,23858111
2018,12,130350687,23863129
2018,10,130350693,23855342
2018,18,130350713,23858121
2018,12,130350720,23863134
2018,12,130350746,23855345
2018,20,130358476,23863146
2018,20,126351689,22907368
2018,12,126348638,22907411
2018,12,126345757,22904796
2018,10,126348661,22904802
2018,10,126348693,22907418
2018,12,126345979,22904838
2018,12,126348939,22904842
2018,12,126346111,22904853
2018,19,126349048,22907473
2018,18,126349237,22907500
2018,12,126349251,22912274
2018,3,130357073,23862649
2018,20,130348388,23862690
2018,20,130358242,23855301
2018,22,130354477,23858108
2018,12,130350705,23863132
2018,20,130354543,23863139
2018,12,130354547,23858123
2018,18,130354592,23855354
2018,12,127424950,23145399
2018,16,127420087,23147894
2018,12,130347840,23862590
2018,19,130357008,23857775
2018,20,130348067,23855025
2018,12,130352992,23857789
2018,10,130348417,23862699
2018,18,130348475,23857833
2018,9,130358452,23855343
2018,18,130350727,23863137
2018,12,130358542,23858133
2018,12,130266602,23836812
2018,5,130262031,23841880
2018,12,130267262,23836914
2018,18,130262450,23846919
2018,12,130266736,23841833
2018,12,130261968,23846857
2018,12,130271737,23841863
2018,20,130262194,23841905
2018,12,130271936,23846899
2018,3,130271949,23846903
2018,19,130271956,23836915
2018,12,130272055,23846916
2018,20,130267447,23836939
2018,20,130262495,23836946
2018,12,138661299,26062019
2018,12,138661300,26062020
2018,12,138661304,26062021
2018,12,138661314,26062022
2018,12,138661317,26062023
2018,12,140631490,27116855
2018,12,137878095,25839757
2018,18,137886808,25842778
2018,3,137884333,25836139
2018,12,137877934,25839727
2018,12,137878136,25835759
2018,12,137886605,25839928
2018,9,137883292,25842765
2018,12,137879903,25842827
2018,10,140233445,26803957
2018,20,140842041,27186441
2018,16,138661269,26062008
2018,16,138661270,26062009
2018,12,138661320,26062025
2018,4,137875719,25842570
2018,18,137879205,25839916
2018,9,137886749,25839964
2018,12,137887261,25840092
2018,18,137887290,25840099
2018,12,137881700,25835732
2018,12,137875761,25839743
2018,12,137886838,25842788
2018,12,137887894,25840239
2018,9,142388849,27635933
2018,12,137881815,25835747
2018,12,137875903,25839778
2018,12,137883127,25839934
2018,12,137879487,25835973
2018,12,137879811,25836026
2018,12,137883923,25836080
2018,20,138817031,26119966
2018,12,140043746,26761269
2018,12,140744278,27158224
2018,12,137881649,25835719
2018,18,137882686,25835857
2018,12,137876057,25842635
2018,12,137883111,25839929
2018,18,137881850,25842590
2018,12,141374753,27335974
2018,12,141233939,27296590
2018,12,141436229,27376771
2018,20,141279142,27331503
2018,12,141480527,27421762
2018,3,139081219,26188116
2018,3,139081218,26188115
2018,12,137879348,25839944
2018,12,140047316,26764907
2018,15,142178888,27593618
