"DATA_YEAR","NIBRS_MONTH_ID","AGENCY_ID","MONTH_NUM","DATA_YEAR","REPORTED_STATUS","REPORT_DATE","UPDATE_FLAG","ORIG_FORMAT","DATA_HOME","DDOCNAME","DID","MONTH_PUB_STATUS"
2018,7829129,9205,1,2018,"I",03-JAN-01,"Y","F","C","2018_01_MN0250800_NIBRS",16699076,0
2018,7877951,9205,2,2018,"I",03-FEB-02,"Y","F","C","2018_02_MN0250800_NIBRS",17854067,0
2018,7917423,9205,3,2018,"I",03-MAR-03,"Y","F","C","2018_03_MN0250800_NIBRS",37269168,0
2018,7950738,9205,4,2018,"I",03-APR-04,"Y","F","C","2018_04_MN0250800_NIBRS",19314102,0
2018,7972409,9205,5,2018,"I",03-MAY-05,"Y","F","C","2018_05_MN0250800_NIBRS",27695590,0
2018,7972412,9205,6,2018,"I",03-JUN-06,"Y","F","C","2018_06_MN0250800_NIBRS",24646741,0
2018,8132435,9205,7,2018,"I",03-JUL-07,"Y","F","C","2018_07_MN0250800_NIBRS",37136783,0
2018,8270105,9205,8,2018,"I",03-AUG-08,"Y","F","C","2018_08_MN0250800_NIBRS",30335645,0
2018,8332758,9205,9,2018,"I",11-OCT-18,"Y","F","C","2018_09_MN0250800_NIBRS",37142026,0
2018,8427381,9205,10,2018,"I",16-JAN-19,"Y","F","C","2018_10_MN0250800_NIBRS",30343755,0
2018,8425695,9205,11,2018,"I",16-JAN-19,"Y","F","C","2018_11_MN0250800_NIBRS",37274093,0
2018,8427517,9205,12,2018,"I",16-JAN-19,"Y","F","C","2018_12_MN0250800_NIBRS",49484104,0
2018,7972404,9134,4,2018,"I",03-APR-04,"Y","F","C","2018_04_MN0070400_NIBRS",19314095,0
2018,7972407,9134,5,2018,"I",03-MAY-05,"Y","F","C","2018_05_MN0070400_NIBRS",26197350,0
2018,8138229,9134,6,2018,"I",03-JUN-06,"Y","F","C","2018_06_MN0070400_NIBRS",49483043,0
2018,8269327,9134,7,2018,"I",03-JUL-07,"Y","F","C","2018_07_MN0070400_NIBRS",30330893,0
2018,8332773,9134,8,2018,"I",11-OCT-18,"Y","F","C","2018_08_MN0070400_NIBRS",49479571,0
2018,8427146,9134,9,2018,"I",16-JAN-19,"Y","F","C","2018_09_MN0070400_NIBRS",30343752,0
2018,8425694,9134,10,2018,"I",16-JAN-19,"Y","F","C","2018_10_MN0070400_NIBRS",49483059,0
2018,8427410,9134,11,2018,"I",16-JAN-19,"Y","F","C","2018_11_MN0070400_NIBRS",49486850,0
2018,8715494,9134,12,2018,"I",08-MAR-19,"Y","F","C","2018_12_MN0070400_NIBRS",49483073,0
2018,8425693,9417,11,2018,"I",16-JAN-19,"Y","F","C","2018_11_MN0790200_NIBRS",32097526,0
2018,8427519,9417,12,2018,"I",16-JAN-19,"Y","F","C","2018_12_MN0790200_NIBRS",49483901,0
2018,7950746,9193,4,2018,"I",03-APR-04,"Y","F","C","2018_04_MN0220400_NIBRS",30340169,0
2018,7972410,9193,5,2018,"I",03-MAY-05,"Y","F","C","2018_05_MN0220400_NIBRS",27703292,0
2018,8137135,9193,6,2018,"I",03-JUN-06,"Y","F","C","2018_06_MN0220400_NIBRS",24650899,0
2018,8274715,9193,7,2018,"I",03-JUL-07,"Y","F","C","2018_07_MN0220400_NIBRS",26194214,0
2018,8270104,9193,8,2018,"I",03-AUG-08,"Y","F","C","2018_08_MN0220400_NIBRS",26198401,0
2018,8333615,9193,9,2018,"I",11-OCT-18,"Y","F","C","2018_09_MN0220400_NIBRS",30335648,0
2018,8425673,9193,10,2018,"I",16-JAN-19,"Y","F","C","2018_10_MN0220400_NIBRS",30343763,0
2018,8422241,9193,11,2018,"I",16-JAN-19,"Y","F","C","2018_11_MN0220400_NIBRS",30346832,0
2018,8427518,9193,12,2018,"I",16-JAN-19,"Y","F","C","2018_12_MN0220400_NIBRS",50638560,0
2018,7950734,9423,4,2018,"I",03-APR-04,"Y","F","C","2018_04_MN0810100_NIBRS",37269104,0
2018,7972398,9423,5,2018,"I",03-MAY-05,"Y","F","C","2018_05_MN0810100_NIBRS",37269107,0
2018,7972400,9423,6,2018,"I",03-JUN-06,"Y","F","C","2018_06_MN0810100_NIBRS",37273996,0
2018,8132434,9423,7,2018,"I",03-JUL-07,"Y","F","C","2018_07_MN0810100_NIBRS",37274004,0
2018,8270098,9423,8,2018,"I",03-AUG-08,"Y","F","C","2018_08_MN0810100_NIBRS",58101090,0
2018,8333624,9423,9,2018,"I",11-OCT-18,"Y","F","C","2018_09_MN0810100_NIBRS",58101312,0
2018,8425670,9423,10,2018,"I",16-JAN-19,"Y","F","C","2018_10_MN0810100_NIBRS",58106829,0
2018,8425682,9423,11,2018,"I",16-JAN-19,"Y","F","C","2018_11_MN0810100_NIBRS",49483022,0
2018,8425725,9423,12,2018,"I",16-JAN-19,"Y","F","C","2018_12_MN0810100_NIBRS",58107085,0
2018,7829108,23296,1,2018,"I",03-JAN-01,"Y","F","C","2018_01_MN0560200_NIBRS",24643292,0
2018,7917905,23296,2,2018,"I",,"Y","G","C","2018_02_MN0560200_NIBRS",18709277,0
2018,7950728,23296,3,2018,"I",03-MAR-03,"Y","F","C","2018_03_MN0560200_NIBRS",18709304,0
2018,7972368,23296,4,2018,"I",03-APR-04,"Y","F","C","2018_04_MN0560200_NIBRS",26197214,0
2018,7972369,23296,5,2018,"I",03-MAY-05,"Y","F","C","2018_05_MN0560200_NIBRS",24650202,0
2018,8132428,23296,6,2018,"I",03-JUN-06,"Y","F","C","2018_06_MN0560200_NIBRS",24650204,0
2018,8274691,23296,7,2018,"I",03-JUL-07,"Y","F","C","2018_07_MN0560200_NIBRS",37269095,0
2018,8334592,23296,8,2018,"I",11-OCT-18,"Y","F","C","2018_08_MN0560200_NIBRS",30341502,0
2018,8333621,23296,9,2018,"I",11-OCT-18,"Y","F","C","2018_09_MN0560200_NIBRS",30339764,0
2018,8427402,23296,10,2018,"I",16-JAN-19,"Y","F","C","2018_10_MN0560200_NIBRS",37273951,0
2018,8427511,23296,11,2018,"I",16-JAN-19,"Y","F","C","2018_11_MN0560200_NIBRS",49496732,0
2018,8427512,23296,12,2018,"I",16-JAN-19,"Y","F","C","2018_12_MN0560200_NIBRS",37273961,0
2018,7950736,9135,4,2018,"I",03-APR-04,"Y","F","C","2018_04_MN0070500_NIBRS",49486667,0
2018,7972406,9135,5,2018,"I",03-MAY-05,"Y","F","C","2018_05_MN0070500_NIBRS",49486592,0
2018,7972408,9135,6,2018,"I",03-JUN-06,"Y","F","C","2018_06_MN0070500_NIBRS",49486600,0
2018,8274699,9135,7,2018,"I",03-JUL-07,"Y","F","C","2018_07_MN0070500_NIBRS",49482730,0
2018,8332756,9135,8,2018,"I",11-OCT-18,"Y","F","C","2018_08_MN0070500_NIBRS",32102571,0
2018,8427155,9135,9,2018,"I",16-JAN-19,"Y","F","C","2018_09_MN0070500_NIBRS",49479431,0
2018,8425692,9135,10,2018,"I",16-JAN-19,"Y","F","C","2018_10_MN0070500_NIBRS",49482748,0
2018,8427501,9135,11,2018,"I",16-JAN-19,"Y","F","C","2018_11_MN0070500_NIBRS",37282692,0
2018,8714637,9135,12,2018,"I",08-MAR-19,"Y","F","C","2018_12_MN0070500_NIBRS",49486627,0
2018,8422239,9418,11,2018,"I",16-JAN-19,"Y","F","C","2018_11_MN0790300_NIBRS",49484150,0
2018,8427502,9418,12,2018,"I",16-JAN-19,"Y","F","C","2018_12_MN0790300_NIBRS",51364872,0
2018,8425672,9189,10,2018,"I",16-JAN-19,"Y","F","C","2018_10_MN0210200_NIBRS",30343754,0
2018,8422238,9189,11,2018,"I",16-JAN-19,"Y","F","C","2018_11_MN0210200_NIBRS",37143213,0
2018,8427520,9189,12,2018,"I",16-JAN-19,"Y","F","C","2018_12_MN0210200_NIBRS",32106703,0
2018,7972395,9133,4,2018,"I",03-APR-04,"Y","F","C","2018_04_MN0070200_NIBRS",26197264,0
2018,7972396,9133,5,2018,"I",03-MAY-05,"Y","F","C","2018_05_MN0070200_NIBRS",30339897,0
2018,8132432,9133,6,2018,"I",03-JUN-06,"Y","F","C","2018_06_MN0070200_NIBRS",27703286,0
2018,8270096,9133,7,2018,"I",03-JUL-07,"Y","F","C","2018_07_MN0070200_NIBRS",30339908,0
2018,8270097,9133,8,2018,"I",03-AUG-08,"Y","F","C","2018_08_MN0070200_NIBRS",30338535,0
2018,8425690,9133,9,2018,"I",16-JAN-19,"Y","F","C","2018_09_MN0070200_NIBRS",49490960,0
2018,8425691,9133,10,2018,"I",16-JAN-19,"Y","F","C","2018_10_MN0070200_NIBRS",49497594,0
2018,8425721,9133,11,2018,"I",16-JAN-19,"Y","F","C","2018_11_MN0070200_NIBRS",49497582,0
2018,8425723,9133,12,2018,"I",16-JAN-19,"Y","F","C","2018_12_MN0070200_NIBRS",49490965,0
2018,7878299,9204,1,2018,"Z",03-JAN-01,"Y","F","C","2018_01_MN0250400_NIBRS",16706432,0
2018,7950770,9204,4,2018,"Z",03-APR-04,"Y","F","C","2018_04_MN0250400_NIBRS",18712124,0
2018,7972442,9204,6,2018,"Z",03-JUN-06,"Y","F","C","2018_06_MN0250400_NIBRS",19315038,0
2018,8138235,9204,7,2018,"Z",03-JUL-07,"Y","F","C","2018_07_MN0250400_NIBRS",24643992,0
2018,8274724,9204,8,2018,"Z",03-AUG-08,"Y","F","C","2018_08_MN0250400_NIBRS",26194337,0
2018,8333629,9204,9,2018,"Z",11-OCT-18,"Y","F","C","2018_09_MN0250400_NIBRS",27711380,0
2018,8714645,9204,10,2018,"Z",08-MAR-19,"Y","F","C","2018_10_MN0250400_NIBRS",37147513,0
2018,8714646,9204,11,2018,"Z",08-MAR-19,"Y","F","C","2018_11_MN0250400_NIBRS",37143307,0
2018,8714647,9204,12,2018,"Z",08-MAR-19,"Y","F","C","2018_12_MN0250400_NIBRS",37143310,0
2018,7829110,27344,1,2018,"I",03-JAN-01,"Y","F","C","2018_01_MN0560700_NIBRS",18708376,0
2018,7878300,27344,2,2018,"I",03-FEB-02,"Y","F","C","2018_02_MN0560700_NIBRS",18708390,0
2018,7950714,27344,3,2018,"I",03-MAR-03,"Y","F","C","2018_03_MN0560700_NIBRS",18708343,0
2018,7950715,27344,4,2018,"I",03-APR-04,"Y","F","C","2018_04_MN0560700_NIBRS",18708361,0
2018,7972439,27344,5,2018,"Z",03-MAY-05,"Y","F","C","2018_05_MN0560700_NIBRS",19314992,0
2018,8132447,27344,6,2018,"I",03-JUN-06,"Y","F","C","2018_06_MN0560700_NIBRS",24646807,0
2018,8274708,27344,7,2018,"I",03-JUL-07,"Y","F","C","2018_07_MN0560700_NIBRS",26198289,0
2018,8333628,27344,8,2018,"I",11-OCT-18,"Y","F","C","2018_08_MN0560700_NIBRS",32102568,0
2018,8427152,27344,9,2018,"I",16-JAN-19,"Y","F","C","2018_09_MN0560700_NIBRS",30341477,0
2018,8422235,27344,10,2018,"I",16-JAN-19,"Y","F","C","2018_10_MN0560700_NIBRS",30346490,0
2018,8427393,27344,11,2018,"I",16-JAN-19,"Y","F","C","2018_11_MN0560700_NIBRS",32095995,0
2018,8427500,27344,12,2018,"Z",16-JAN-19,"Y","F","C","2018_12_MN0560700_NIBRS",32095999,0
2018,8427404,9424,4,2018,"I",16-JAN-19,"Y","F","C","2018_04_MN0810200_NIBRS",37136734,0
2018,8425717,9424,5,2018,"I",16-JAN-19,"Y","F","C","2018_05_MN0810200_NIBRS",32106581,0
2018,8427405,9424,6,2018,"I",16-JAN-19,"Y","F","C","2018_06_MN0810200_NIBRS",51358827,0
2018,8427515,9424,7,2018,"I",16-JAN-19,"Y","F","C","2018_07_MN0810200_NIBRS",32106592,0
2018,8427406,9424,8,2018,"I",16-JAN-19,"Y","F","C","2018_08_MN0810200_NIBRS",32097417,0
2018,8425719,9424,9,2018,"I",16-JAN-19,"Y","F","C","2018_09_MN0810200_NIBRS",32103318,0
2018,8425720,9424,10,2018,"I",16-JAN-19,"Y","F","C","2018_10_MN0810200_NIBRS",37287742,0
2018,8427516,9424,11,2018,"I",16-JAN-19,"Y","F","C","2018_11_MN0810200_NIBRS",37287747,0
2018,8427407,9424,12,2018,"I",16-JAN-19,"Y","F","C","2018_12_MN0810200_NIBRS",50857841,0
2018,7972399,23251,4,2018,"I",03-APR-04,"Y","F","C","2018_04_MN0071000_NIBRS",19313893,0
2018,7972401,23251,5,2018,"I",03-MAY-05,"Y","F","C","2018_05_MN0071000_NIBRS",32097467,0
2018,8137134,23251,6,2018,"I",03-JUN-06,"Y","F","C","2018_06_MN0071000_NIBRS",49483020,0
2018,8269335,23251,7,2018,"I",03-JUL-07,"Y","F","C","2018_07_MN0071000_NIBRS",27711334,0
2018,8333623,23251,8,2018,"I",11-OCT-18,"Y","F","C","2018_08_MN0071000_NIBRS",30343887,0
2018,8427153,23251,9,2018,"Z",16-JAN-19,"Y","F","C","2018_09_MN0071000_NIBRS",30335646,0
2018,8425708,23251,10,2018,"I",16-JAN-19,"Y","F","C","2018_10_MN0071000_NIBRS",30340251,0
2018,8716484,23251,11,2018,"I",08-MAR-19,"Y","F","C","2018_11_MN0071000_NIBRS",37137585,0
2018,8427408,23251,12,2018,"I",16-JAN-19,"Y","F","C","2018_12_MN0071000_NIBRS",37288009,0
2018,7877950,27292,1,2018,"I",03-JAN-01,"Y","F","C","2018_01_MN0530200_NIBRS",16698931,0
2018,7950771,27292,4,2018,"Z",03-APR-04,"Y","F","C","2018_04_MN0530200_NIBRS",18712128,0
2018,7972438,27292,5,2018,"Z",03-MAY-05,"Y","F","C","2018_05_MN0530200_NIBRS",19314972,0
2018,8138232,27292,6,2018,"I",03-JUN-06,"Y","F","C","2018_06_MN0530200_NIBRS",24643943,0
2018,8132440,27292,7,2018,"Z",03-JUL-07,"Y","F","C","2018_07_MN0530200_NIBRS",24650933,0
2018,8274725,27292,8,2018,"Z",03-AUG-08,"Y","F","C","2018_08_MN0530200_NIBRS",26194404,0
2018,8425677,27292,9,2018,"Z",16-JAN-19,"Y","F","C","2018_09_MN0530200_NIBRS",30335717,0
2018,8425709,27292,10,2018,"I",16-JAN-19,"Y","F","C","2018_10_MN0530200_NIBRS",30340254,0
2018,8422249,27292,11,2018,"Z",16-JAN-19,"Y","F","C","2018_11_MN0530200_NIBRS",30340255,0
2018,8427417,27292,12,2018,"Z",16-JAN-19,"Y","F","C","2018_12_MN0530200_NIBRS",32106769,0
2018,7950762,26926,3,2018,"I",03-MAR-03,"Y","F","C","2018_03_MN0250600_NIBRS",18711981,0
2018,7972393,26926,4,2018,"I",03-APR-04,"Y","F","C","2018_04_MN0250600_NIBRS",19313644,0
2018,7972394,26926,5,2018,"I",03-MAY-05,"Y","F","C","2018_05_MN0250600_NIBRS",30342589,0
2018,8422225,26926,9,2018,"I",16-JAN-19,"Y","F","C","2018_09_MN0250600_NIBRS",30342591,0
2018,8425678,26926,10,2018,"I",16-JAN-19,"Y","F","C","2018_10_MN0250600_NIBRS",30342594,0
2018,8422226,26926,11,2018,"I",16-JAN-19,"Y","F","C","2018_11_MN0250600_NIBRS",30335874,0
2018,8719084,26926,12,2018,"I",13-MAR-19,"Y","F","C","2018_12_MN0250600_NIBRS",37284956,0
2018,8132438,25735,7,2018,"I",03-JUL-07,"Y","F","C","2018_07_MN0800400_NIBRS",24646752,0
2018,8270106,25735,8,2018,"I",03-AUG-08,"Y","F","C","2018_08_MN0800400_NIBRS",26194225,0
2018,8425696,25735,9,2018,"I",16-JAN-19,"Y","F","C","2018_09_MN0800400_NIBRS",30343783,0
2018,8427382,25735,10,2018,"I",16-JAN-19,"Y","F","C","2018_10_MN0800400_NIBRS",30340174,0
2018,8425697,25735,11,2018,"I",16-JAN-19,"Y","F","C","2018_11_MN0800400_NIBRS",30346843,0
2018,8427412,25735,12,2018,"I",16-JAN-19,"Y","F","C","2018_12_MN0800400_NIBRS",32106718,0
2018,8274711,9194,4,2018,"I",03-APR-04,"Y","F","C","2018_04_MN0220500_NIBRS",49490942,0
2018,7972397,9194,5,2018,"I",03-MAY-05,"Y","F","C","2018_05_MN0220500_NIBRS",30334455,0
2018,8137133,9194,6,2018,"I",03-JUN-06,"Y","F","C","2018_06_MN0220500_NIBRS",37269157,0
2018,8274712,9194,7,2018,"I",03-JUL-07,"Y","F","C","2018_07_MN0220500_NIBRS",26202852,0
2018,8269334,9194,8,2018,"I",03-AUG-08,"Y","F","C","2018_08_MN0220500_NIBRS",30330782,0
2018,8422208,9194,9,2018,"I",16-JAN-19,"Y","F","C","2018_09_MN0220500_NIBRS",30334458,0
2018,8427380,9194,10,2018,"I",16-JAN-19,"Y","F","C","2018_10_MN0220500_NIBRS",30343643,0
2018,8425724,9194,11,2018,"I",16-JAN-19,"Y","F","C","2018_11_MN0220500_NIBRS",32103455,0
2018,8716486,9194,12,2018,"I",08-MAR-19,"Y","F","C","2018_12_MN0220500_NIBRS",37137887,0
2018,8137131,25652,4,2018,"U",03-APR-04,"Y","F","C","2018_04_MN0071200_NIBRS",24650686,0
2018,7972402,25652,5,2018,"I",03-MAY-05,"Y","F","C","2018_05_MN0071200_NIBRS",26197314,0
2018,8137132,25652,6,2018,"I",03-JUN-06,"Y","F","C","2018_06_MN0071200_NIBRS",27711307,0
2018,8274698,25652,7,2018,"I",03-JUL-07,"Y","F","C","2018_07_MN0071200_NIBRS",27704204,0
2018,8332955,25652,8,2018,"I",,"Y","G","C","2018_08_MN0071200_NIBRS",,0
2018,8425671,25652,9,2018,"I",16-JAN-19,"Y","F","C","2018_09_MN0071200_NIBRS",49479617,0
2018,8425722,25652,10,2018,"I",16-JAN-19,"Y","F","C","2018_10_MN0071200_NIBRS",32097499,0
2018,8715498,25652,12,2018,"I",08-MAR-19,"Y","F","C","2018_12_MN0071200_NIBRS",37137999,0
2018,7829364,27394,1,2018,"I",03-JAN-01,"Y","F","C","2018_01_MN0030200_NIBRS",16702930,0
2018,7917504,27394,2,2018,"I",03-FEB-02,"Y","F","C","2018_02_MN0030200_NIBRS",17856340,0
2018,7917505,27394,3,2018,"I",03-MAR-03,"Y","F","C","2018_03_MN0030200_NIBRS",18711793,0
2018,7972422,27394,4,2018,"I",03-APR-04,"Y","F","C","2018_04_MN0030200_NIBRS",26202947,0
2018,7972424,27394,5,2018,"I",03-MAY-05,"Y","F","C","2018_05_MN0030200_NIBRS",26198448,0
2018,8269339,27394,6,2018,"I",03-JUN-06,"Y","F","C","2018_06_MN0030200_NIBRS",26198454,0
2018,8269340,27394,7,2018,"I",03-JUL-07,"Y","F","C","2018_07_MN0030200_NIBRS",26198459,0
2018,8422221,27394,8,2018,"I",16-JAN-19,"Y","F","C","2018_08_MN0030200_NIBRS",30342360,0
2018,8427160,27394,9,2018,"I",16-JAN-19,"Y","F","C","2018_09_MN0030200_NIBRS",30335687,0
2018,8427161,27394,10,2018,"I",16-JAN-19,"Y","F","C","2018_10_MN0030200_NIBRS",49493583,0
2018,8427386,27394,11,2018,"I",16-JAN-19,"Y","F","C","2018_11_MN0030200_NIBRS",30343837,0
2018,8714642,27394,12,2018,"I",08-MAR-19,"Y","F","C","2018_12_MN0030200_NIBRS",49498668,0
2018,7950735,26905,4,2018,"I",03-APR-04,"Y","F","C","2018_04_MN0460200_NIBRS",18710025,0
2018,7972403,26905,5,2018,"I",03-MAY-05,"Y","F","C","2018_05_MN0460200_NIBRS",19314072,0
2018,7972405,26905,6,2018,"I",03-JUN-06,"Y","F","C","2018_06_MN0460200_NIBRS",19314093,0
2018,8274713,26905,7,2018,"I",03-JUL-07,"Y","F","C","2018_07_MN0460200_NIBRS",30337671,0
2018,8274714,26905,8,2018,"I",03-AUG-08,"Y","F","C","2018_08_MN0460200_NIBRS",27711336,0
2018,8334597,26905,9,2018,"I",11-OCT-18,"Y","F","C","2018_09_MN0460200_NIBRS",30334499,0
2018,8422237,26905,10,2018,"I",16-JAN-19,"Y","F","C","2018_10_MN0460200_NIBRS",30343637,0
2018,8427409,26905,11,2018,"I",16-JAN-19,"Y","F","C","2018_11_MN0460200_NIBRS",32106681,0
2018,8715492,26905,12,2018,"I",08-MAR-19,"Y","F","C","2018_12_MN0460200_NIBRS",37137888,0
2018,7877947,27345,1,2018,"I",03-JAN-01,"Y","F","C","2018_01_MN0560600_NIBRS",16698675,0
2018,7950731,27345,3,2018,"I",03-MAR-03,"Y","F","C","2018_03_MN0560600_NIBRS",18709558,0
2018,7950732,27345,4,2018,"I",03-APR-04,"Y","F","C","2018_04_MN0560600_NIBRS",26197882,0
2018,8425666,27345,6,2018,"I",16-JAN-19,"Y","F","C","2018_06_MN0560600_NIBRS",50638420,0
2018,8274706,27345,8,2018,"I",03-AUG-08,"Y","F","C","2018_08_MN0560600_NIBRS",26202536,0
2018,8425667,27345,9,2018,"I",16-JAN-19,"Y","F","C","2018_09_MN0560600_NIBRS",37273955,0
2018,8720684,27345,10,2018,"I",13-MAR-19,"Y","F","C","2018_10_MN0560600_NIBRS",37273957,0
2018,8425716,27345,11,2018,"I",16-JAN-19,"Y","F","C","2018_11_MN0560600_NIBRS",32097239,0
2018,8719079,27345,12,2018,"I",13-MAR-19,"Y","F","C","2018_12_MN0560600_NIBRS",37269096,0
2018,7829389,27396,1,2018,"I",03-JAN-01,"Y","F","C","2018_01_MN0410100_NIBRS",26202992,0
2018,7878295,27396,2,2018,"I",03-FEB-02,"Y","F","C","2018_02_MN0410100_NIBRS",16704443,0
2018,8269346,27396,4,2018,"I",03-APR-04,"Y","F","C","2018_04_MN0410100_NIBRS",26202995,0
2018,8274721,27396,5,2018,"I",03-MAY-05,"Y","F","C","2018_05_MN0410100_NIBRS",26198502,0
2018,8719093,27396,8,2018,"I",13-MAR-19,"Y","F","C","2018_08_MN0410100_NIBRS",37288017,0
2018,8720697,27396,9,2018,"I",13-MAR-19,"Y","F","C","2018_09_MN0410100_NIBRS",37287995,0
2018,8716489,27396,10,2018,"I",08-MAR-19,"Y","F","C","2018_10_MN0410100_NIBRS",37143288,0
2018,8715497,27396,11,2018,"I",08-MAR-19,"Y","F","C","2018_11_MN0410100_NIBRS",37137989,0
2018,9961100,9217,1,2018,"U",09-SEP-19,"Y","X","C","2018_01_MN0271100_NIBRS",55046090,0
2018,7829116,9145,1,2018,"I",03-JAN-01,"Y","F","C","2018_01_MN0100000_NIBRS",52291716,0
2018,7877952,9145,2,2018,"I",03-FEB-02,"Y","F","C","2018_02_MN0100000_NIBRS",49482688,0
2018,7917470,9145,3,2018,"I",03-MAR-03,"Y","F","C","2018_03_MN0100000_NIBRS",58012792,0
2018,7950727,9145,4,2018,"I",03-APR-04,"Y","F","C","2018_04_MN0100000_NIBRS",49486595,0
2018,7972247,9145,5,2018,"I",03-MAY-05,"Y","F","C","2018_05_MN0100000_NIBRS",57094607,0
2018,7972248,9145,6,2018,"I",03-JUN-06,"Y","F","C","2018_06_MN0100000_NIBRS",50634845,0
2018,8138226,9145,7,2018,"I",03-JUL-07,"Y","F","C","2018_07_MN0100000_NIBRS",57815401,0
2018,8270099,9145,8,2018,"I",03-AUG-08,"Y","F","C","2018_08_MN0100000_NIBRS",58012762,0
2018,8333619,9145,9,2018,"I",11-OCT-18,"Y","F","C","2018_09_MN0100000_NIBRS",57825366,0
2018,8422216,9145,10,2018,"I",16-JAN-19,"Y","F","C","2018_10_MN0100000_NIBRS",58012765,0
2018,8422229,9145,11,2018,"I",16-JAN-19,"Y","F","C","2018_11_MN0100000_NIBRS",50836087,0
2018,8427397,9145,12,2018,"I",16-JAN-19,"Y","F","C","2018_12_MN0100000_NIBRS",57815416,0
2018,10501157,9314,11,2018,"U",21-OCT-19,"Y","X","C","2018_11_MN0550100_NIBRS",58695964,0
2018,8269345,9328,7,2018,"I",03-JUL-07,"Y","F","C","2018_07_MN0620000_NIBRS",37283399,0
2018,8269344,9328,8,2018,"I",03-AUG-08,"Y","F","C","2018_08_MN0620000_NIBRS",59459949,0
2018,8332954,9328,9,2018,"I",,"Y","G","C","2018_09_MN0620000_NIBRS",50854489,0
2018,8427164,9328,10,2018,"I",16-JAN-19,"Y","F","C","2018_10_MN0620000_NIBRS",50858858,0
2018,8422233,9328,11,2018,"I",16-JAN-19,"Y","F","C","2018_11_MN0620000_NIBRS",50854492,0
2018,8427403,9328,12,2018,"I",16-JAN-19,"Y","F","C","2018_12_MN0620000_NIBRS",52279012,0
2018,8269341,9332,7,2018,"I",03-JUL-07,"Y","F","C","2018_07_MN0620400_NIBRS",49489636,0
2018,8274718,9332,8,2018,"I",03-AUG-08,"Y","F","C","2018_08_MN0620400_NIBRS",49489642,0
2018,8332766,9332,9,2018,"I",11-OCT-18,"Y","F","C","2018_09_MN0620400_NIBRS",49486138,0
2018,8425664,9332,10,2018,"I",16-JAN-19,"Y","F","C","2018_10_MN0620400_NIBRS",57450699,0
2018,8427378,9332,11,2018,"I",16-JAN-19,"Y","F","C","2018_11_MN0620400_NIBRS",55787302,0
2018,8427400,9332,12,2018,"I",16-JAN-19,"Y","F","C","2018_12_MN0620400_NIBRS",57450696,0
2018,7950751,9295,4,2018,"I",03-APR-04,"Y","F","C","2018_04_MN0460100_NIBRS",49487168,0
2018,7972351,9295,5,2018,"I",03-MAY-05,"Y","F","C","2018_05_MN0460100_NIBRS",57626441,0
2018,7972352,9295,6,2018,"I",03-JUN-06,"Y","F","C","2018_06_MN0460100_NIBRS",59370496,0
2018,8137126,9295,7,2018,"I",03-JUL-07,"Y","F","C","2018_07_MN0460100_NIBRS",57624599,0
2018,8270100,9295,8,2018,"I",03-AUG-08,"Y","F","C","2018_08_MN0460100_NIBRS",59360516,0
2018,8332584,9295,9,2018,"I",11-OCT-18,"Y","F","C","2018_09_MN0460100_NIBRS",52276441,0
2018,8427149,9295,10,2018,"I",16-JAN-19,"Y","F","C","2018_10_MN0460100_NIBRS",59371902,0
2018,8427376,9295,11,2018,"I",16-JAN-19,"Y","F","C","2018_11_MN0460100_NIBRS",57624602,0
2018,8427394,9295,12,2018,"I",16-JAN-19,"Y","F","C","2018_12_MN0460100_NIBRS",59360508,0
2018,7829338,9123,1,2018,"I",03-JAN-01,"Y","F","C","2018_01_MN0030100_NIBRS",26193858,0
2018,7878278,9123,2,2018,"I",03-FEB-02,"Y","F","C","2018_02_MN0030100_NIBRS",37146945,0
2018,7917506,9123,3,2018,"I",03-MAR-03,"Y","F","C","2018_03_MN0030100_NIBRS",30346871,0
2018,7950729,9123,4,2018,"I",03-APR-04,"Y","F","C","2018_04_MN0030100_NIBRS",49481385,0
2018,7972371,9123,5,2018,"I",03-MAY-05,"Y","F","C","2018_05_MN0030100_NIBRS",37137278,0
2018,7972375,9123,6,2018,"I",03-JUN-06,"Y","F","C","2018_06_MN0030100_NIBRS",27707325,0
2018,8270102,9123,7,2018,"I",03-JUL-07,"Y","F","C","2018_07_MN0030100_NIBRS",49481431,0
2018,8274705,9123,8,2018,"I",03-AUG-08,"Y","F","C","2018_08_MN0030100_NIBRS",30346876,0
2018,8333627,9123,9,2018,"I",11-OCT-18,"Y","F","C","2018_09_MN0030100_NIBRS",49485845,0
2018,8427387,9123,10,2018,"I",16-JAN-19,"Y","F","C","2018_10_MN0030100_NIBRS",37142583,0
2018,8425706,9123,11,2018,"I",16-JAN-19,"Y","F","C","2018_11_MN0030100_NIBRS",49489390,0
2018,8425731,9123,12,2018,"I",16-JAN-19,"Y","F","C","2018_12_MN0030100_NIBRS",49485863,0
2018,7950750,9425,4,2018,"I",03-APR-04,"Y","F","C","2018_04_MN0810300_NIBRS",56124464,0
2018,7972411,9425,5,2018,"I",03-MAY-05,"Y","F","C","2018_05_MN0810300_NIBRS",51370675,0
2018,7972414,9425,6,2018,"I",03-JUN-06,"Y","F","C","2018_06_MN0810300_NIBRS",55190316,0
2018,8137136,9425,7,2018,"I",03-JUL-07,"Y","F","C","2018_07_MN0810300_NIBRS",51656813,0
2018,8269328,9425,8,2018,"I",03-AUG-08,"Y","F","C","2018_08_MN0810300_NIBRS",56768831,0
2018,8332761,9425,9,2018,"I",11-OCT-18,"Y","F","C","2018_09_MN0810300_NIBRS",51370738,0
2018,8427148,9425,10,2018,"I",16-JAN-19,"Y","F","C","2018_10_MN0810300_NIBRS",51370768,0
2018,8422231,9425,11,2018,"I",16-JAN-19,"Y","F","C","2018_11_MN0810300_NIBRS",51370783,0
2018,8425714,9425,12,2018,"I",16-JAN-19,"Y","F","C","2018_12_MN0810300_NIBRS",57456639,0
2018,7829126,9310,1,2018,"I",03-JAN-01,"Y","F","C","2018_01_MN0530000_NIBRS",27706342,0
2018,7877953,9310,2,2018,"I",03-FEB-02,"Y","F","C","2018_02_MN0530000_NIBRS",37274522,0
2018,7917435,9310,3,2018,"I",03-MAR-03,"Y","F","C","2018_03_MN0530000_NIBRS",37274536,0
2018,7950725,9310,4,2018,"I",03-APR-04,"Y","F","C","2018_04_MN0530000_NIBRS",19314171,0
2018,7972416,9310,5,2018,"I",03-MAY-05,"Y","F","C","2018_05_MN0530000_NIBRS",51358437,0
2018,7972417,9310,6,2018,"I",03-JUN-06,"Y","F","C","2018_06_MN0530000_NIBRS",24643939,0
2018,8132439,9310,7,2018,"I",03-JUL-07,"Y","F","C","2018_07_MN0530000_NIBRS",37137211,0
2018,8270108,9310,8,2018,"I",03-AUG-08,"Y","F","C","2018_08_MN0530000_NIBRS",37282875,0
2018,8332586,9310,9,2018,"I",11-OCT-18,"Y","F","C","2018_09_MN0530000_NIBRS",37269522,0
2018,8425663,9310,10,2018,"I",16-JAN-19,"Y","F","C","2018_10_MN0530000_NIBRS",30340178,0
2018,8427384,9310,11,2018,"I",16-JAN-19,"Y","F","C","2018_11_MN0530000_NIBRS",37269529,0
2018,8427413,9310,12,2018,"I",16-JAN-19,"Y","F","C","2018_12_MN0530000_NIBRS",37282892,0
2018,7878552,9163,1,2018,"I",,"Y","G","C","2018_01_MN0150000_NIBRS",37274850,0
2018,7917446,9163,2,2018,"I",03-FEB-02,"Y","F","C","2018_02_MN0150000_NIBRS",37269732,0
2018,7917449,9163,3,2018,"I",03-MAR-03,"Y","F","C","2018_03_MN0150000_NIBRS",37274857,0
2018,7950757,9163,4,2018,"I",03-APR-04,"Y","F","C","2018_04_MN0150000_NIBRS",37269757,0
2018,7972425,9163,5,2018,"I",03-MAY-05,"Y","F","C","2018_05_MN0150000_NIBRS",27703726,0
2018,7972427,9163,6,2018,"I",03-JUN-06,"Y","F","C","2018_06_MN0150000_NIBRS",32106320,0
2018,8138234,9163,7,2018,"I",03-JUL-07,"Y","F","C","2018_07_MN0150000_NIBRS",37274860,0
2018,8332767,9163,8,2018,"I",11-OCT-18,"Y","F","C","2018_08_MN0150000_NIBRS",37269720,0
2018,8332768,9163,9,2018,"I",11-OCT-18,"Y","F","C","2018_09_MN0150000_NIBRS",37283081,0
2018,8427385,9163,10,2018,"I",16-JAN-19,"Y","F","C","2018_10_MN0150000_NIBRS",37274844,0
2018,8425704,9163,11,2018,"I",16-JAN-19,"Y","F","C","2018_11_MN0150000_NIBRS",37274877,0
2018,8427399,9163,12,2018,"I",16-JAN-19,"Y","F","C","2018_12_MN0150000_NIBRS",37269762,0
2018,7950747,9294,4,2018,"I",03-APR-04,"Y","F","C","2018_04_MN0460000_NIBRS",19307371,0
2018,7972240,9294,5,2018,"I",03-MAY-05,"Y","F","C","2018_05_MN0460000_NIBRS",24650900,0
2018,7972241,9294,6,2018,"I",03-JUN-06,"Y","F","C","2018_06_MN0460000_NIBRS",30330899,0
2018,8132437,9294,7,2018,"I",03-JUL-07,"Y","F","C","2018_07_MN0460000_NIBRS",30339214,0
2018,8274716,9294,8,2018,"I",03-AUG-08,"Y","F","C","2018_08_MN0460000_NIBRS",32097527,0
2018,8422214,9294,9,2018,"I",16-JAN-19,"Y","F","C","2018_09_MN0460000_NIBRS",49490991,0
2018,8422215,9294,10,2018,"I",16-JAN-19,"Y","F","C","2018_10_MN0460000_NIBRS",30342784,0
2018,8425685,9294,11,2018,"I",16-JAN-19,"Y","F","C","2018_11_MN0460000_NIBRS",30342793,0
2018,8716487,9294,12,2018,"I",08-MAR-19,"Y","F","C","2018_12_MN0460000_NIBRS",49497583,0
2018,8422242,9416,11,2018,"I",16-JAN-19,"Y","F","C","2018_11_MN0790100_NIBRS",50638563,0
2018,8425727,9416,12,2018,"I",16-JAN-19,"Y","F","C","2018_12_MN0790100_NIBRS",50634200,0
2018,7950752,9190,4,2018,"I",03-APR-04,"Y","F","C","2018_04_MN0220000_NIBRS",27706213,0
2018,7972343,9190,5,2018,"I",03-MAY-05,"Y","F","C","2018_05_MN0220000_NIBRS",55164970,0
2018,7972344,9190,6,2018,"I",03-JUN-06,"Y","F","C","2018_06_MN0220000_NIBRS",37136849,0
2018,8132436,9190,7,2018,"I",03-JUL-07,"Y","F","C","2018_07_MN0220000_NIBRS",27703370,0
2018,8274700,9190,8,2018,"I",03-AUG-08,"Y","F","C","2018_08_MN0220000_NIBRS",27695648,0
2018,8332581,9190,9,2018,"I",11-OCT-18,"Y","F","C","2018_09_MN0220000_NIBRS",59180654,0
2018,8427157,9190,10,2018,"I",16-JAN-19,"Y","F","C","2018_10_MN0220000_NIBRS",37291642,0
2018,8425698,9190,11,2018,"I",16-JAN-19,"Y","F","C","2018_11_MN0220000_NIBRS",49480361,0
2018,8427521,9190,12,2018,"I",16-JAN-19,"Y","F","C","2018_12_MN0220000_NIBRS",37287793,0
2018,7950749,9422,4,2018,"I",03-APR-04,"Y","F","C","2018_04_MN0810000_NIBRS",50858222,0
2018,7972253,9422,5,2018,"I",03-MAY-05,"Y","F","C","2018_05_MN0810000_NIBRS",55168891,0
2018,7972254,9422,6,2018,"I",03-JUN-06,"Y","F","C","2018_06_MN0810000_NIBRS",50761606,0
2018,8138224,9422,7,2018,"I",03-JUL-07,"Y","F","C","2018_07_MN0810000_NIBRS",49480143,0
2018,8274701,9422,8,2018,"I",03-AUG-08,"Y","F","C","2018_08_MN0810000_NIBRS",49483947,0
2018,8332585,9422,9,2018,"I",11-OCT-18,"Y","F","C","2018_09_MN0810000_NIBRS",49483961,0
2018,8427147,9422,10,2018,"I",16-JAN-19,"Y","F","C","2018_10_MN0810000_NIBRS",55168955,0
2018,8425684,9422,11,2018,"I",16-JAN-19,"Y","F","C","2018_11_MN0810000_NIBRS",49483967,0
2018,8427504,9422,12,2018,"I",16-JAN-19,"Y","F","C","2018_12_MN0810000_NIBRS",57290231,0
2018,8132448,9420,7,2018,"I",03-JUL-07,"Y","F","C","2018_07_MN0800000_NIBRS",26198409,0
2018,8274717,9420,8,2018,"I",03-AUG-08,"Y","F","C","2018_08_MN0800000_NIBRS",37274466,0
2018,8332771,9420,9,2018,"I",11-OCT-18,"Y","F","C","2018_09_MN0800000_NIBRS",30342337,0
2018,8425675,9420,10,2018,"I",16-JAN-19,"Y","F","C","2018_10_MN0800000_NIBRS",49480632,0
2018,8422243,9420,11,2018,"I",16-JAN-19,"Y","F","C","2018_11_MN0800000_NIBRS",49484735,0
2018,8425728,9420,12,2018,"I",16-JAN-19,"Y","F","C","2018_12_MN0800000_NIBRS",57452695,0
2018,7829377,9292,1,2018,"I",03-JAN-01,"Y","F","C","2018_01_MN0440000_NIBRS",16703128,0
2018,7878294,9292,2,2018,"I",03-FEB-02,"Y","F","C","2018_02_MN0440000_NIBRS",17855246,0
2018,7917461,9292,3,2018,"I",03-MAR-03,"Y","F","C","2018_03_MN0440000_NIBRS",19314757,0
2018,7950764,9292,4,2018,"I",03-APR-04,"Y","F","C","2018_04_MN0440000_NIBRS",32103505,0
2018,7972433,9292,5,2018,"I",03-MAY-05,"Y","F","C","2018_05_MN0440000_NIBRS",32097593,0
2018,8132444,9292,6,2018,"I",03-JUN-06,"Y","F","C","2018_06_MN0440000_NIBRS",49491635,0
2018,8132446,9292,7,2018,"I",03-JUL-07,"Y","F","C","2018_07_MN0440000_NIBRS",49489662,0
2018,8269342,9292,8,2018,"I",03-AUG-08,"Y","F","C","2018_08_MN0440000_NIBRS",49489666,0
2018,8333626,9292,9,2018,"I",11-OCT-18,"Y","F","C","2018_09_MN0440000_NIBRS",32103518,0
2018,8427162,9292,10,2018,"I",16-JAN-19,"Y","F","C","2018_10_MN0440000_NIBRS",30343885,0
2018,8422248,9292,11,2018,"I",16-JAN-19,"Y","F","C","2018_11_MN0440000_NIBRS",37147480,0
2018,8427418,9292,12,2018,"I",16-JAN-19,"Y","F","C","2018_12_MN0440000_NIBRS",49486169,0
2018,7972429,9280,1,2018,"I",03-JAN-01,"Y","F","C","2018_01_MN0410000_NIBRS",26193844,0
2018,7972430,9280,2,2018,"I",03-FEB-02,"Y","F","C","2018_02_MN0410000_NIBRS",19314555,0
2018,7972431,9280,3,2018,"I",03-MAR-03,"Y","F","C","2018_03_MN0410000_NIBRS",19314618,0
2018,7972432,9280,4,2018,"I",03-APR-04,"Y","F","C","2018_04_MN0410000_NIBRS",19314635,0
2018,8274703,9280,5,2018,"I",03-MAY-05,"Y","F","C","2018_05_MN0410000_NIBRS",26197801,0
2018,8274704,9280,6,2018,"I",03-JUN-06,"Y","F","C","2018_06_MN0410000_NIBRS",26202463,0
2018,8270101,9280,7,2018,"I",03-JUL-07,"Y","F","C","2018_07_MN0410000_NIBRS",26193848,0
2018,8422247,9280,8,2018,"I",16-JAN-19,"Y","F","C","2018_08_MN0410000_NIBRS",37269778,0
2018,8427388,9280,9,2018,"I",16-JAN-19,"Y","F","C","2018_09_MN0410000_NIBRS",30340224,0
2018,8425707,9280,10,2018,"I",16-JAN-19,"Y","F","C","2018_10_MN0410000_NIBRS",30340226,0
2018,8714643,9280,11,2018,"I",08-MAR-19,"Y","F","C","2018_11_MN0410000_NIBRS",37147476,0
2018,8720686,9280,12,2018,"I",13-MAR-19,"Y","F","C","2018_12_MN0410000_NIBRS",50847216,0
2018,8138231,9421,7,2018,"I",03-JUL-07,"Y","F","C","2018_07_MN0800100_NIBRS",37136972,0
2018,8269332,9421,8,2018,"I",03-AUG-08,"Y","F","C","2018_08_MN0800100_NIBRS",27711338,0
2018,8332772,9421,9,2018,"I",11-OCT-18,"Y","F","C","2018_09_MN0800100_NIBRS",49480665,0
2018,8425676,9421,10,2018,"I",16-JAN-19,"Y","F","C","2018_10_MN0800100_NIBRS",30343787,0
2018,8425699,9421,11,2018,"I",16-JAN-19,"Y","F","C","2018_11_MN0800100_NIBRS",32102807,0
2018,8427398,9421,12,2018,"I",16-JAN-19,"Y","F","C","2018_12_MN0800100_NIBRS",49484753,0
2018,7829086,9202,1,2018,"I",03-JAN-01,"Y","F","C","2018_01_MN0250100_NIBRS",50852194,0
2018,7877933,9202,2,2018,"I",03-FEB-02,"Y","F","C","2018_02_MN0250100_NIBRS",50634155,0
2018,7917427,9202,3,2018,"I",03-MAR-03,"Y","F","C","2018_03_MN0250100_NIBRS",19314221,0
2018,7950719,9202,4,2018,"I",03-APR-04,"Y","F","C","2018_04_MN0250100_NIBRS",50841065,0
2018,7972413,9202,5,2018,"I",03-MAY-05,"Y","F","C","2018_05_MN0250100_NIBRS",50634158,0
2018,7972415,9202,6,2018,"I",03-JUN-06,"Y","F","C","2018_06_MN0250100_NIBRS",56735138,0
2018,8132430,9202,7,2018,"I",03-JUL-07,"Y","F","C","2018_07_MN0250100_NIBRS",49482596,0
2018,8269337,9202,8,2018,"I",03-AUG-08,"Y","F","C","2018_08_MN0250100_NIBRS",49482599,0
2018,8332582,9202,9,2018,"I",11-OCT-18,"Y","F","C","2018_09_MN0250100_NIBRS",49482606,0
2018,8422210,9202,10,2018,"I",16-JAN-19,"Y","F","C","2018_10_MN0250100_NIBRS",51126713,0
2018,8425679,9202,11,2018,"I",16-JAN-19,"Y","F","C","2018_11_MN0250100_NIBRS",50634176,0
2018,8427505,9202,12,2018,"I",16-JAN-19,"Y","F","C","2018_12_MN0250100_NIBRS",54668547,0
2018,7950737,9191,4,2018,"I",03-APR-04,"Y","F","C","2018_04_MN0220100_NIBRS",49486545,0
2018,7972236,9191,5,2018,"I",03-MAY-05,"Y","F","C","2018_05_MN0220100_NIBRS",37282670,0
2018,7972238,9191,6,2018,"I",03-JUN-06,"Y","F","C","2018_06_MN0220100_NIBRS",19307367,0
2018,8138230,9191,7,2018,"I",03-JUL-07,"Y","F","C","2018_07_MN0220100_NIBRS",51110889,0
2018,8269336,9191,8,2018,"I",03-AUG-08,"Y","F","C","2018_08_MN0220100_NIBRS",30334456,0
2018,8332760,9191,9,2018,"I",11-OCT-18,"Y","F","C","2018_09_MN0220100_NIBRS",58711068,0
2018,8422209,9191,10,2018,"I",16-JAN-19,"Y","F","C","2018_10_MN0220100_NIBRS",58899498,0
2018,8427375,9191,11,2018,"I",16-JAN-19,"Y","F","C","2018_11_MN0220100_NIBRS",51137677,0
2018,8425711,9191,12,2018,"I",16-JAN-19,"Y","F","C","2018_12_MN0220100_NIBRS",49486560,0
2018,7877948,27375,1,2018,"I",03-JAN-01,"Y","F","C","2018_01_MN0560300_NIBRS",16698727,0
2018,7917501,27375,2,2018,"I",03-FEB-02,"Y","F","C","2018_02_MN0560300_NIBRS",18709246,0
2018,7951343,27375,3,2018,"I",,"Y","G","C","2018_03_MN0560300_NIBRS",19306994,0
2018,7972224,27375,4,2018,"I",03-APR-04,"Y","F","C","2018_04_MN0560300_NIBRS",37273950,0
2018,7972226,27375,5,2018,"I",03-MAY-05,"Y","F","C","2018_05_MN0560300_NIBRS",57449774,0
2018,7972227,27375,6,2018,"I",03-JUN-06,"Y","F","C","2018_06_MN0560300_NIBRS",49482591,0
2018,8274692,27375,7,2018,"I",03-JUL-07,"Y","F","C","2018_07_MN0560300_NIBRS",37142907,0
2018,8274694,27375,8,2018,"I",03-AUG-08,"Y","F","C","2018_08_MN0560300_NIBRS",37273958,0
2018,8333616,27375,9,2018,"I",11-OCT-18,"Y","F","C","2018_09_MN0560300_NIBRS",49482592,0
2018,8425668,27375,10,2018,"I",16-JAN-19,"Y","F","C","2018_10_MN0560300_NIBRS",57409604,0
2018,8427379,27375,11,2018,"I",16-JAN-19,"Y","F","C","2018_11_MN0560300_NIBRS",49466450,0
2018,8425712,27375,12,2018,"I",16-JAN-19,"Y","F","C","2018_12_MN0560300_NIBRS",49482598,0
2018,7829112,27346,1,2018,"I",03-JAN-01,"Y","F","C","2018_01_MN0560800_NIBRS",15398815,0
2018,7878301,27346,2,2018,"Z",03-FEB-02,"Y","F","C","2018_02_MN0560800_NIBRS",16706465,0
2018,7917510,27346,3,2018,"Z",03-MAR-03,"Y","F","C","2018_03_MN0560800_NIBRS",26193882,0
2018,7950772,27346,4,2018,"Z",03-APR-04,"Y","F","C","2018_04_MN0560800_NIBRS",18712172,0
2018,7972440,27346,5,2018,"Z",03-MAY-05,"Y","F","C","2018_05_MN0560800_NIBRS",19315001,0
2018,7972441,27346,6,2018,"Z",03-JUN-06,"Y","F","C","2018_06_MN0560800_NIBRS",19315022,0
2018,8332587,27346,7,2018,"I",11-OCT-18,"Y","F","C","2018_07_MN0560800_NIBRS",37269094,0
2018,8334588,27346,8,2018,"I",11-OCT-18,"Y","F","C","2018_08_MN0560800_NIBRS",27706851,0
2018,8334589,27346,9,2018,"I",11-OCT-18,"Y","F","C","2018_09_MN0560800_NIBRS",30335128,0
2018,8427390,27346,10,2018,"I",16-JAN-19,"Y","F","C","2018_10_MN0560800_NIBRS",37273956,0
2018,8427523,27346,11,2018,"I",16-JAN-19,"Y","F","C","2018_11_MN0560800_NIBRS",49490210,0
2018,8714639,27346,12,2018,"I",08-MAR-19,"Y","F","C","2018_12_MN0560800_NIBRS",37143023,0
2018,7972391,26920,4,2018,"I",03-APR-04,"Y","F","C","2018_04_MN0460300_NIBRS",19312130,0
2018,7972392,26920,6,2018,"I",03-JUN-06,"Y","F","C","2018_06_MN0460300_NIBRS",19312145,0
2018,8274710,26920,7,2018,"I",03-JUL-07,"Y","F","C","2018_07_MN0460300_NIBRS",26198310,0
2018,8334595,26920,8,2018,"I",11-OCT-18,"Y","F","C","2018_08_MN0460300_NIBRS",30335353,0
2018,8334596,26920,9,2018,"I",11-OCT-18,"Y","F","C","2018_09_MN0460300_NIBRS",30335354,0
2018,8425669,26920,10,2018,"I",16-JAN-19,"Y","F","C","2018_10_MN0460300_NIBRS",30341909,0
2018,8716485,26920,12,2018,"I",08-MAR-19,"Y","F","C","2018_12_MN0460300_NIBRS",37143211,0
2018,7878290,27374,1,2018,"I",03-JAN-01,"Y","F","C","2018_01_MN0030400_NIBRS",16702793,0
2018,7917507,27374,2,2018,"I",03-FEB-02,"Y","F","C","2018_02_MN0030400_NIBRS",17857011,0
2018,7950758,27374,3,2018,"I",03-MAR-03,"Y","F","C","2018_03_MN0030400_NIBRS",18711942,0
2018,7951344,27374,4,2018,"I",,"Y","G","C","2018_04_MN0030400_NIBRS",19314593,0
2018,8132442,27374,6,2018,"I",03-JUN-06,"Y","F","C","2018_06_MN0030400_NIBRS",24650949,0
2018,8269338,27374,7,2018,"I",03-JUL-07,"Y","F","C","2018_07_MN0030400_NIBRS",26194245,0
2018,8333625,27374,8,2018,"I",11-OCT-18,"Y","F","C","2018_08_MN0030400_NIBRS",27704252,0
2018,8422222,27374,9,2018,"I",16-JAN-19,"Y","F","C","2018_09_MN0030400_NIBRS",30342363,0
2018,8425705,27374,10,2018,"I",16-JAN-19,"Y","F","C","2018_10_MN0030400_NIBRS",30346893,0
2018,8722362,27374,11,2018,"I",13-MAR-19,"Y","F","C","2018_11_MN0030400_NIBRS",37287920,0
2018,8716488,27374,12,2018,"I",08-MAR-19,"Y","F","C","2018_12_MN0030400_NIBRS",37137945,0
2018,7829117,27347,1,2018,"I",03-JAN-01,"Y","F","C","2018_01_MN0560400_NIBRS",15399197,0
2018,7917502,27347,2,2018,"I",03-FEB-02,"Y","F","C","2018_02_MN0560400_NIBRS",17856097,0
2018,7950733,27347,3,2018,"I",03-MAR-03,"Y","F","C","2018_03_MN0560400_NIBRS",24646263,0
2018,7972372,27347,4,2018,"I",03-APR-04,"Y","F","C","2018_04_MN0560400_NIBRS",19311528,0
2018,7972386,27347,5,2018,"I",03-MAY-05,"Y","F","C","2018_05_MN0560400_NIBRS",19311546,0
2018,7972387,27347,6,2018,"Z",03-JUN-06,"Y","F","C","2018_06_MN0560400_NIBRS",19311559,0
2018,8274707,27347,7,2018,"I",03-JUL-07,"Y","F","C","2018_07_MN0560400_NIBRS",26198231,0
2018,8334590,27347,8,2018,"I",11-OCT-18,"Y","F","C","2018_08_MN0560400_NIBRS",37136730,0
2018,8334591,27347,9,2018,"I",11-OCT-18,"Y","F","C","2018_09_MN0560400_NIBRS",27706866,0
2018,8427513,27347,11,2018,"I",16-JAN-19,"Y","F","C","2018_11_MN0560400_NIBRS",37136732,0
2018,8720687,27347,12,2018,"I",13-MAR-19,"Y","F","C","2018_12_MN0560400_NIBRS",51364740,0
2018,9190162,25789,4,2018,"Z",23-AUG-19,"Y","X","C","2018_04_MN0221000_NIBRS",50820496,0
2018,8138228,25789,5,2018,"I",03-MAY-05,"Y","F","C","2018_05_MN0221000_NIBRS",24646408,0
2018,8270103,25789,6,2018,"I",03-JUN-06,"Y","F","C","2018_06_MN0221000_NIBRS",26202815,0
2018,8132433,25789,7,2018,"I",03-JUL-07,"Y","F","C","2018_07_MN0221000_NIBRS",26194137,0
2018,8269333,25789,8,2018,"Z",03-AUG-08,"Y","F","C","2018_08_MN0221000_NIBRS",26202821,0
2018,8332775,25789,9,2018,"Z",11-OCT-18,"Y","F","C","2018_09_MN0221000_NIBRS",27707381,0
2018,8422224,25789,10,2018,"Z",16-JAN-19,"Y","F","C","2018_10_MN0221000_NIBRS",30342410,0
2018,8422250,25789,11,2018,"Z",16-JAN-19,"Y","F","C","2018_11_MN0221000_NIBRS",30346965,0
2018,7878296,27087,1,2018,"Z",03-JAN-01,"Y","F","C","2018_01_MN0240200_NIBRS",16704720,0
2018,7878297,27087,2,2018,"Z",03-FEB-02,"Y","F","C","2018_02_MN0240200_NIBRS",16704738,0
2018,7917509,27087,3,2018,"Z",03-MAR-03,"Y","F","C","2018_03_MN0240200_NIBRS",17857050,0
2018,7950767,27087,4,2018,"Z",03-APR-04,"Y","F","C","2018_04_MN0240200_NIBRS",18712088,0
2018,7972436,27087,5,2018,"Z",03-MAY-05,"Y","F","C","2018_05_MN0240200_NIBRS",19314920,0
2018,7972437,27087,6,2018,"Z",03-JUN-06,"Y","F","C","2018_06_MN0240200_NIBRS",19314942,0
2018,8132449,27087,7,2018,"Z",03-JUL-07,"Y","F","C","2018_07_MN0240200_NIBRS",24643993,0
2018,8269347,27087,8,2018,"Z",03-AUG-08,"Y","F","C","2018_08_MN0240200_NIBRS",26198508,0
2018,8334602,27087,9,2018,"Z",11-OCT-18,"Y","F","C","2018_09_MN0240200_NIBRS",27707383,0
2018,9190161,9192,4,2018,"Z",23-AUG-19,"Y","X","C","2018_04_MN0220200_NIBRS",50820494,0
2018,7972435,9192,5,2018,"Z",03-MAY-05,"Y","F","C","2018_05_MN0220200_NIBRS",19314896,0
2018,8333622,9192,6,2018,"I",11-OCT-18,"Y","F","C","2018_06_MN0220200_NIBRS",27704079,0
2018,8274709,9192,7,2018,"I",03-JUL-07,"Y","F","C","2018_07_MN0220200_NIBRS",26202814,0
2018,8334593,9192,8,2018,"I",11-OCT-18,"Y","F","C","2018_08_MN0220200_NIBRS",27707067,0
2018,8422223,9192,9,2018,"I",16-JAN-19,"Y","F","C","2018_09_MN0220200_NIBRS",37291617,0
2018,8425689,9192,10,2018,"I",16-JAN-19,"Y","F","C","2018_10_MN0220200_NIBRS",30339581,0
2018,8425718,9192,11,2018,"I",16-JAN-19,"Y","F","C","2018_11_MN0220200_NIBRS",37137597,0
2018,8427514,9192,12,2018,"I",16-JAN-19,"Y","F","C","2018_12_MN0220200_NIBRS",37291623,0
2018,7972388,26921,4,2018,"I",03-APR-04,"Y","F","C","2018_04_MN0460700_NIBRS",19311818,0
2018,7972389,26921,5,2018,"I",03-MAY-05,"Y","F","C","2018_05_MN0460700_NIBRS",19311835,0
2018,7972390,26921,6,2018,"I",03-JUN-06,"Y","F","C","2018_06_MN0460700_NIBRS",49490929,0
2018,8334594,26921,9,2018,"I",11-OCT-18,"Y","F","C","2018_09_MN0460700_NIBRS",27707109,0
2018,8427163,26921,10,2018,"I",16-JAN-19,"Y","F","C","2018_10_MN0460700_NIBRS",30338886,0
2018,8422236,26921,11,2018,"I",16-JAN-19,"Y","F","C","2018_11_MN0460700_NIBRS",30339803,0
2018,8715491,26921,12,2018,"I",08-MAR-19,"Y","F","C","2018_12_MN0460700_NIBRS",37147405,0
2018,7878061,26924,1,2018,"I",03-JAN-01,"Y","F","C","2018_01_MN0150200_NIBRS",19314234,0
2018,8722356,26924,2,2018,"I",13-MAR-19,"Y","F","C","2018_02_MN0150200_NIBRS",37287846,0
2018,7972419,26924,3,2018,"I",03-MAR-03,"Y","F","C","2018_03_MN0150200_NIBRS",19314259,0
2018,7972421,26924,5,2018,"I",03-MAY-05,"Y","F","C","2018_05_MN0150200_NIBRS",30340198,0
2018,8422245,26924,6,2018,"I",16-JAN-19,"Y","F","C","2018_06_MN0150200_NIBRS",30346868,0
2018,8425700,26924,7,2018,"I",16-JAN-19,"Y","F","C","2018_07_MN0150200_NIBRS",30340184,0
2018,8422244,26924,8,2018,"I",16-JAN-19,"Y","F","C","2018_08_MN0150200_NIBRS",30340188,0
2018,8422246,26924,9,2018,"I",16-JAN-19,"Y","F","C","2018_09_MN0150200_NIBRS",32103492,0
2018,8425701,26924,10,2018,"I",16-JAN-19,"Y","F","C","2018_10_MN0150200_NIBRS",30340190,0
2018,8425703,26924,11,2018,"I",16-JAN-19,"Y","F","C","2018_11_MN0150200_NIBRS",30343813,0
2018,8722358,26924,12,2018,"I",13-MAR-19,"Y","F","C","2018_12_MN0150200_NIBRS",37287848,0
2018,7972423,27377,1,2018,"I",03-JAN-01,"Y","F","C","2018_01_MN0410400_NIBRS",19314328,0
2018,7972426,27377,2,2018,"I",03-FEB-02,"Y","F","C","2018_02_MN0410400_NIBRS",19314344,0
2018,7972428,27377,3,2018,"I",03-MAR-03,"Y","F","C","2018_03_MN0410400_NIBRS",19314381,0
2018,8132441,27377,4,2018,"I",03-APR-04,"Y","F","C","2018_04_MN0410400_NIBRS",24650945,0
2018,8132443,27377,5,2018,"I",03-MAY-05,"Y","F","C","2018_05_MN0410400_NIBRS",24650950,0
2018,8132445,27377,6,2018,"I",03-JUN-06,"Y","F","C","2018_06_MN0410400_NIBRS",24643968,0
2018,8270109,27377,7,2018,"I",03-JUL-07,"Y","F","C","2018_07_MN0410400_NIBRS",26198444,0
2018,8427414,27377,8,2018,"I",16-JAN-19,"Y","F","C","2018_08_MN0410400_NIBRS",37283110,0
2018,8427415,27377,11,2018,"I",16-JAN-19,"Y","F","C","2018_11_MN0410400_NIBRS",32097592,0
2018,9190163,27570,7,2018,"Z",23-AUG-19,"Y","X","C","2018_07_MN0800300_NIBRS",50820498,0
2018,8334600,27570,8,2018,"Z",11-OCT-18,"Y","F","C","2018_08_MN0800300_NIBRS",27707377,0
2018,8334601,27570,9,2018,"Z",11-OCT-18,"Y","F","C","2018_09_MN0800300_NIBRS",27704288,0
2018,8427391,27570,10,2018,"Z",16-JAN-19,"Y","F","C","2018_10_MN0800300_NIBRS",30346962,0
2018,8427392,27570,11,2018,"Z",16-JAN-19,"Y","F","C","2018_11_MN0800300_NIBRS",30343939,0
2018,8715499,27570,12,2018,"Z",08-MAR-19,"Y","F","C","2018_12_MN0800300_NIBRS",37144075,0
2018,8422220,26991,7,2018,"I",16-JAN-19,"Y","F","C","2018_07_MN0800200_NIBRS",30342328,0
2018,8427156,26991,8,2018,"I",16-JAN-19,"Y","F","C","2018_08_MN0800200_NIBRS",30342314,0
2018,8425674,26991,9,2018,"I",16-JAN-19,"Y","F","C","2018_09_MN0800200_NIBRS",30338833,0
2018,7829316,27395,1,2018,"I",03-JAN-01,"Y","F","C","2018_01_MN0030900_NIBRS",37274878,0
2018,7972366,27395,2,2018,"I",03-FEB-02,"Y","F","C","2018_02_MN0030900_NIBRS",19310329,0
2018,7972367,27395,3,2018,"I",03-MAR-03,"Y","F","C","2018_03_MN0030900_NIBRS",19310351,0
2018,8719081,27395,4,2018,"I",13-MAR-19,"Y","F","C","2018_04_MN0030900_NIBRS",37283090,0
2018,8722349,27395,5,2018,"I",13-MAR-19,"Y","F","C","2018_05_MN0030900_NIBRS",37283091,0
2018,8716490,27395,6,2018,"Z",08-MAR-19,"Y","F","C","2018_06_MN0030900_NIBRS",37138899,0
2018,8716491,27395,7,2018,"Z",08-MAR-19,"Y","F","C","2018_07_MN0030900_NIBRS",37138902,0
2018,8334599,27395,8,2018,"I",11-OCT-18,"Y","F","C","2018_08_MN0030900_NIBRS",27711362,0
2018,8427159,27395,9,2018,"I",16-JAN-19,"Y","F","C","2018_09_MN0030900_NIBRS",30335680,0
2018,8425702,27395,10,2018,"I",16-JAN-19,"Y","F","C","2018_10_MN0030900_NIBRS",32097586,0
2018,8425730,27395,11,2018,"I",16-JAN-19,"Y","F","C","2018_11_MN0030900_NIBRS",32097579,0
2018,7829083,9316,1,2018,"I",03-JAN-01,"Y","F","C","2018_01_MN0560000_NIBRS",57637332,0
2018,7877935,9316,2,2018,"I",03-FEB-02,"Y","F","C","2018_02_MN0560000_NIBRS",50638417,0
2018,7917429,9316,3,2018,"I",03-MAR-03,"Y","F","C","2018_03_MN0560000_NIBRS",49466451,0
2018,7950717,9316,4,2018,"I",03-APR-04,"Y","F","C","2018_04_MN0560000_NIBRS",51358542,0
2018,7972232,9316,5,2018,"I",03-MAY-05,"Y","F","C","2018_05_MN0560000_NIBRS",49482677,0
2018,7972233,9316,6,2018,"I",03-JUN-06,"Y","F","C","2018_06_MN0560000_NIBRS",57632024,0
2018,8132431,9316,7,2018,"I",03-JUL-07,"Y","F","C","2018_07_MN0560000_NIBRS",49482634,0
2018,8274695,9316,8,2018,"I",03-AUG-08,"Y","F","C","2018_08_MN0560000_NIBRS",49482642,0
2018,8333617,9316,9,2018,"I",11-OCT-18,"Y","F","C","2018_09_MN0560000_NIBRS",49482649,0
2018,8425661,9316,10,2018,"I",16-JAN-19,"Y","F","C","2018_10_MN0560000_NIBRS",51358545,0
2018,8425681,9316,11,2018,"I",16-JAN-19,"Y","F","C","2018_11_MN0560000_NIBRS",59326654,0
2018,8427503,9316,12,2018,"I",16-JAN-19,"Y","F","C","2018_12_MN0560000_NIBRS",55181508,0
2018,7972434,9227,6,2018,"I",03-JUN-06,"Y","F","C","2018_06_MN0272100_NIBRS",37275389,0
2018,8274722,9227,7,2018,"I",03-JUL-07,"Y","F","C","2018_07_MN0272100_NIBRS",49496540,0
2018,8274723,9227,8,2018,"I",03-AUG-08,"Y","F","C","2018_08_MN0272100_NIBRS",37275410,0
2018,8332770,9227,9,2018,"I",11-OCT-18,"Y","F","C","2018_09_MN0272100_NIBRS",37275429,0
2018,8422219,9227,10,2018,"I",16-JAN-19,"Y","F","C","2018_10_MN0272100_NIBRS",49490121,0
2018,8422234,9227,11,2018,"I",16-JAN-19,"Y","F","C","2018_11_MN0272100_NIBRS",49490114,0
2018,8425732,9227,12,2018,"I",16-JAN-19,"Y","F","C","2018_12_MN0272100_NIBRS",49492053,0
2018,7950765,9132,4,2018,"I",03-APR-04,"Y","F","C","2018_04_MN0070100_NIBRS",51662001,0
2018,7972362,9132,5,2018,"I",03-MAY-05,"Y","F","C","2018_05_MN0070100_NIBRS",56998006,0
2018,7972363,9132,6,2018,"I",03-JUN-06,"Y","F","C","2018_06_MN0070100_NIBRS",54926196,0
2018,8138227,9132,7,2018,"I",03-JUL-07,"Y","F","C","2018_07_MN0070100_NIBRS",51661935,0
2018,8269330,9132,8,2018,"I",03-AUG-08,"Y","F","C","2018_08_MN0070100_NIBRS",59369569,0
2018,8332763,9132,9,2018,"I",11-OCT-18,"Y","F","C","2018_09_MN0070100_NIBRS",57304972,0
2018,8427151,9132,10,2018,"I",16-JAN-19,"Y","F","C","2018_10_MN0070100_NIBRS",56996168,0
2018,8425686,9132,11,2018,"I",16-JAN-19,"Y","F","C","2018_11_MN0070100_NIBRS",51661917,0
2018,8427509,9132,12,2018,"I",16-JAN-19,"Y","F","C","2018_12_MN0070100_NIBRS",57452641,0
2018,8427154,9187,10,2018,"I",16-JAN-19,"Y","F","C","2018_10_MN0210000_NIBRS",49488996,0
2018,8422232,9187,11,2018,"I",16-JAN-19,"Y","F","C","2018_11_MN0210000_NIBRS",59451390,0
2018,8427506,9187,12,2018,"I",16-JAN-19,"Y","F","C","2018_12_MN0210000_NIBRS",57450304,0
2018,7829145,9122,1,2018,"I",03-JAN-01,"Y","F","C","2018_01_MN0030000_NIBRS",37269643,0
2018,7877946,9122,2,2018,"I",03-FEB-02,"Y","F","C","2018_02_MN0030000_NIBRS",37274706,0
2018,7950723,9122,3,2018,"I",03-MAR-03,"Y","F","C","2018_03_MN0030000_NIBRS",37274714,0
2018,7972364,9122,4,2018,"I",03-APR-04,"Y","F","C","2018_04_MN0030000_NIBRS",37274722,0
2018,7972365,9122,5,2018,"I",03-MAY-05,"Y","F","C","2018_05_MN0030000_NIBRS",37274726,0
2018,8138233,9122,6,2018,"I",03-JUN-06,"Y","F","C","2018_06_MN0030000_NIBRS",37269663,0
2018,8270107,9122,7,2018,"I",03-JUL-07,"Y","F","C","2018_07_MN0030000_NIBRS",37274735,0
2018,8334598,9122,8,2018,"I",11-OCT-18,"Y","F","C","2018_08_MN0030000_NIBRS",37274740,0
2018,8422218,9122,9,2018,"I",16-JAN-19,"Y","F","C","2018_09_MN0030000_NIBRS",37269674,0
2018,8427383,9122,10,2018,"I",16-JAN-19,"Y","F","C","2018_10_MN0030000_NIBRS",37274755,0
2018,8427522,9122,11,2018,"I",16-JAN-19,"Y","F","C","2018_11_MN0030000_NIBRS",37274770,0
2018,8714641,9122,12,2018,"I",08-MAR-19,"Y","F","C","2018_12_MN0030000_NIBRS",37269685,0
2018,8274719,9334,7,2018,"I",03-JUL-07,"Y","F","C","2018_07_MN0620600_NIBRS",49486437,0
2018,8274720,9334,8,2018,"I",03-AUG-08,"Y","F","C","2018_08_MN0620600_NIBRS",51369788,0
2018,8332774,9334,9,2018,"I",11-OCT-18,"Y","F","C","2018_09_MN0620600_NIBRS",50848422,0
2018,8427389,9334,10,2018,"I",16-JAN-19,"Y","F","C","2018_10_MN0620600_NIBRS",37142621,0
2018,8427416,9334,11,2018,"I",16-JAN-19,"Y","F","C","2018_11_MN0620600_NIBRS",37142630,0
2018,8715490,9334,12,2018,"I",08-MAR-19,"Y","F","C","2018_12_MN0620600_NIBRS",50852923,0
2018,7829089,9201,1,2018,"I",03-JAN-01,"Y","F","C","2018_01_MN0250000_NIBRS",30339046,0
2018,7877934,9201,2,2018,"I",03-FEB-02,"Y","F","C","2018_02_MN0250000_NIBRS",51126716,0
2018,7917433,9201,3,2018,"I",03-MAR-03,"Y","F","C","2018_03_MN0250000_NIBRS",49487157,0
2018,7950718,9201,4,2018,"I",03-APR-04,"Y","F","C","2018_04_MN0250000_NIBRS",59369962,0
2018,7972228,9201,5,2018,"I",03-MAY-05,"Y","F","C","2018_05_MN0250000_NIBRS",49479789,0
2018,7972229,9201,6,2018,"I",03-JUN-06,"Y","F","C","2018_06_MN0250000_NIBRS",50638572,0
2018,8138225,9201,7,2018,"I",03-JUL-07,"Y","F","C","2018_07_MN0250000_NIBRS",49479808,0
2018,8274697,9201,8,2018,"I",03-AUG-08,"Y","F","C","2018_08_MN0250000_NIBRS",49479815,0
2018,8332762,9201,9,2018,"I",11-OCT-18,"Y","F","C","2018_09_MN0250000_NIBRS",49487211,0
2018,8422213,9201,10,2018,"I",16-JAN-19,"Y","F","C","2018_10_MN0250000_NIBRS",49483417,0
2018,8425680,9201,11,2018,"I",16-JAN-19,"Y","F","C","2018_11_MN0250000_NIBRS",49479858,0
2018,8427395,9201,12,2018,"I",16-JAN-19,"Y","F","C","2018_12_MN0250000_NIBRS",56311780,0
2018,7829091,9203,1,2018,"I",03-JAN-01,"Y","F","C","2018_01_MN0250300_NIBRS",50846266,0
2018,7877937,9203,2,2018,"I",03-FEB-02,"Y","F","C","2018_02_MN0250300_NIBRS",59242810,0
2018,7917431,9203,3,2018,"I",03-MAR-03,"Y","F","C","2018_03_MN0250300_NIBRS",37282611,0
2018,7950722,9203,4,2018,"I",03-APR-04,"Y","F","C","2018_04_MN0250300_NIBRS",32096003,0
2018,7972230,9203,5,2018,"I",03-MAY-05,"Y","F","C","2018_05_MN0250300_NIBRS",37269126,0
2018,7972231,9203,6,2018,"I",03-JUN-06,"Y","F","C","2018_06_MN0250300_NIBRS",49480520,0
2018,8137127,9203,7,2018,"I",03-JUL-07,"Y","F","C","2018_07_MN0250300_NIBRS",37274057,0
2018,8270095,9203,8,2018,"I",03-AUG-08,"Y","F","C","2018_08_MN0250300_NIBRS",49480469,0
2018,8332759,9203,9,2018,"I",11-OCT-18,"Y","F","C","2018_09_MN0250300_NIBRS",55321654,0
2018,8427145,9203,10,2018,"I",16-JAN-19,"Y","F","C","2018_10_MN0250300_NIBRS",58898972,0
2018,8422230,9203,11,2018,"I",16-JAN-19,"Y","F","C","2018_11_MN0250300_NIBRS",37274108,0
2018,8427396,9203,12,2018,"I",16-JAN-19,"Y","F","C","2018_12_MN0250300_NIBRS",50634383,0
2018,7829095,9200,1,2018,"I",03-JAN-01,"Y","F","C","2018_01_MN0240100_NIBRS",51370525,0
2018,7877938,9200,2,2018,"I",03-FEB-02,"Y","F","C","2018_02_MN0240100_NIBRS",58892295,0
2018,7917503,9200,3,2018,"I",03-MAR-03,"Y","F","C","2018_03_MN0240100_NIBRS",58892298,0
2018,7950724,9200,4,2018,"I",03-APR-04,"Y","F","C","2018_04_MN0240100_NIBRS",57452247,0
2018,7972237,9200,5,2018,"I",03-MAY-05,"Y","F","C","2018_05_MN0240100_NIBRS",57450241,0
2018,7972239,9200,6,2018,"I",03-JUN-06,"Y","F","C","2018_06_MN0240100_NIBRS",59471889,0
2018,8137129,9200,7,2018,"I",03-JUL-07,"Y","F","C","2018_07_MN0240100_NIBRS",59465571,0
2018,8269331,9200,8,2018,"I",03-AUG-08,"Y","F","C","2018_08_MN0240100_NIBRS",56733893,0
2018,8332583,9200,9,2018,"I",11-OCT-18,"Y","F","C","2018_09_MN0240100_NIBRS",58763487,0
2018,8425662,9200,10,2018,"I",16-JAN-19,"Y","F","C","2018_10_MN0240100_NIBRS",51370528,0
2018,8427374,9200,11,2018,"I",16-JAN-19,"Y","F","C","2018_11_MN0240100_NIBRS",59466743,0
2018,8425715,9200,12,2018,"I",16-JAN-19,"Y","F","C","2018_12_MN0240100_NIBRS",58892427,0
2018,7829087,9317,1,2018,"I",03-JAN-01,"Y","F","C","2018_01_MN0560100_NIBRS",51369982,0
2018,7877936,9317,2,2018,"I",03-FEB-02,"Y","F","C","2018_02_MN0560100_NIBRS",49482593,0
2018,7917430,9317,3,2018,"I",03-MAR-03,"Y","F","C","2018_03_MN0560100_NIBRS",50633942,0
2018,7950720,9317,4,2018,"I",03-APR-04,"Y","F","C","2018_04_MN0560100_NIBRS",49466449,0
2018,7972234,9317,5,2018,"I",03-MAY-05,"Y","F","C","2018_05_MN0560100_NIBRS",50847762,0
2018,7972235,9317,6,2018,"I",03-JUN-06,"Y","F","C","2018_06_MN0560100_NIBRS",50855620,0
2018,8138223,9317,7,2018,"I",03-JUL-07,"Y","F","C","2018_07_MN0560100_NIBRS",49466468,0
2018,8274696,9317,8,2018,"I",03-AUG-08,"Y","F","C","2018_08_MN0560100_NIBRS",54569344,0
2018,8332757,9317,9,2018,"I",11-OCT-18,"Y","F","C","2018_09_MN0560100_NIBRS",58898945,0
2018,8427144,9317,10,2018,"I",16-JAN-19,"Y","F","C","2018_10_MN0560100_NIBRS",49479397,0
2018,8422228,9317,11,2018,"I",16-JAN-19,"Y","F","C","2018_11_MN0560100_NIBRS",57308292,0
2018,8425713,9317,12,2018,"I",16-JAN-19,"Y","F","C","2018_12_MN0560100_NIBRS",58916726,0
2018,8270110,9333,7,2018,"I",03-JUL-07,"Y","F","C","2018_07_MN0620500_NIBRS",49489950,0
2018,8269343,9333,8,2018,"I",03-AUG-08,"Y","F","C","2018_08_MN0620500_NIBRS",49489973,0
2018,8332769,9333,9,2018,"I",11-OCT-18,"Y","F","C","2018_09_MN0620500_NIBRS",49489980,0
2018,8425665,9333,10,2018,"I",16-JAN-19,"Y","F","C","2018_10_MN0620500_NIBRS",37275363,0
2018,8425710,9333,11,2018,"I",16-JAN-19,"Y","F","C","2018_11_MN0620500_NIBRS",49491980,0
2018,8427401,9333,12,2018,"I",16-JAN-19,"Y","F","C","2018_12_MN0620500_NIBRS",49489959,0
2018,7829092,9199,1,2018,"I",03-JAN-01,"Y","F","C","2018_01_MN0240000_NIBRS",26197215,0
2018,7877939,9199,2,2018,"I",03-FEB-02,"Y","F","C","2018_02_MN0240000_NIBRS",51206422,0
2018,7917424,9199,3,2018,"I",03-MAR-03,"Y","F","C","2018_03_MN0240000_NIBRS",51345269,0
2018,7950716,9199,4,2018,"I",03-APR-04,"Y","F","C","2018_04_MN0240000_NIBRS",49484436,0
2018,7972223,9199,5,2018,"I",03-MAY-05,"Y","F","C","2018_05_MN0240000_NIBRS",56936413,0
2018,7972225,9199,6,2018,"I",03-JUN-06,"Y","F","C","2018_06_MN0240000_NIBRS",51206380,0
2018,8132429,9199,7,2018,"I",03-JUL-07,"Y","F","C","2018_07_MN0240000_NIBRS",49480432,0
2018,8270094,9199,8,2018,"I",03-AUG-08,"Y","F","C","2018_08_MN0240000_NIBRS",59465559,0
2018,8332764,9199,9,2018,"I",11-OCT-18,"Y","F","C","2018_09_MN0240000_NIBRS",57452623,0
2018,8427150,9199,10,2018,"I",16-JAN-19,"Y","F","C","2018_10_MN0240000_NIBRS",51210946,0
2018,8422227,9199,11,2018,"I",16-JAN-19,"Y","F","C","2018_11_MN0240000_NIBRS",51210976,0
2018,8425729,9199,12,2018,"I",16-JAN-19,"Y","F","C","2018_12_MN0240000_NIBRS",51206425,0
2018,7950753,9131,4,2018,"I",03-APR-04,"Y","F","C","2018_04_MN0070000_NIBRS",49480349,0
2018,7972353,9131,5,2018,"I",03-MAY-05,"Y","F","C","2018_05_MN0070000_NIBRS",49484275,0
2018,7972354,9131,6,2018,"I",03-JUN-06,"Y","F","C","2018_06_MN0070000_NIBRS",51637683,0
2018,8137128,9131,7,2018,"I",03-JUL-07,"Y","F","C","2018_07_MN0070000_NIBRS",49487982,0
2018,8274702,9131,8,2018,"I",03-AUG-08,"Y","F","C","2018_08_MN0070000_NIBRS",52578379,0
2018,8333620,9131,9,2018,"I",11-OCT-18,"Y","F","C","2018_09_MN0070000_NIBRS",50646831,0
2018,8422217,9131,10,2018,"I",16-JAN-19,"Y","F","C","2018_10_MN0070000_NIBRS",49488016,0
2018,8427377,9131,11,2018,"I",16-JAN-19,"Y","F","C","2018_11_MN0070000_NIBRS",56994199,0
2018,8427507,9131,12,2018,"I",16-JAN-19,"Y","F","C","2018_12_MN0070000_NIBRS",57210694,0
2018,8427158,9188,10,2018,"I",16-JAN-19,"Y","F","C","2018_10_MN0210100_NIBRS",51337392,0
2018,8425687,9188,11,2018,"I",16-JAN-19,"Y","F","C","2018_11_MN0210100_NIBRS",51337404,0
2018,8427508,9188,12,2018,"I",16-JAN-19,"Y","F","C","2018_12_MN0210100_NIBRS",52286441,0
2018,8422240,9415,11,2018,"I",16-JAN-19,"Y","F","C","2018_11_MN0790000_NIBRS",49488877,0
2018,8425726,9415,12,2018,"I",16-JAN-19,"Y","F","C","2018_12_MN0790000_NIBRS",49481066,0
2018,7950748,9309,4,2018,"I",03-APR-04,"Y","F","C","2018_04_MN0520200_NIBRS",49483221,0
2018,7972243,9309,5,2018,"I",03-MAY-05,"Y","F","C","2018_05_MN0520200_NIBRS",49487053,0
2018,7972244,9309,6,2018,"I",03-JUN-06,"Y","F","C","2018_06_MN0520200_NIBRS",49479665,0
2018,8138222,9309,7,2018,"I",03-JUL-07,"Y","F","C","2018_07_MN0520200_NIBRS",49479671,0
2018,8269329,9309,8,2018,"I",03-AUG-08,"Y","F","C","2018_08_MN0520200_NIBRS",51523831,0
2018,8333618,9309,9,2018,"I",11-OCT-18,"Y","F","C","2018_09_MN0520200_NIBRS",50761585,0
2018,8422212,9309,10,2018,"I",16-JAN-19,"Y","F","C","2018_10_MN0520200_NIBRS",50761588,0
2018,8425683,9309,11,2018,"I",16-JAN-19,"Y","F","C","2018_11_MN0520200_NIBRS",50761591,0
2018,8427411,9309,12,2018,"I",16-JAN-19,"Y","F","C","2018_12_MN0520200_NIBRS",50634194,0
2018,7829128,9311,1,2018,"I",03-JAN-01,"Y","F","C","2018_01_MN0530100_NIBRS",37282842,0
2018,7877941,9311,2,2018,"I",03-FEB-02,"Y","F","C","2018_02_MN0530100_NIBRS",18708569,0
2018,7917434,9311,3,2018,"I",03-MAR-03,"Y","F","C","2018_03_MN0530100_NIBRS",26193438,0
2018,7950721,9311,4,2018,"I",03-APR-04,"Y","F","C","2018_04_MN0530100_NIBRS",37274498,0
2018,7972418,9311,5,2018,"I",03-MAY-05,"Y","F","C","2018_05_MN0530100_NIBRS",37269490,0
2018,7972420,9311,6,2018,"I",03-JUN-06,"Y","F","C","2018_06_MN0530100_NIBRS",37274504,0
2018,8137130,9311,7,2018,"I",03-JUL-07,"Y","F","C","2018_07_MN0530100_NIBRS",30346240,0
2018,8274693,9311,8,2018,"I",03-AUG-08,"Y","F","C","2018_08_MN0530100_NIBRS",37282859,0
2018,8332765,9311,9,2018,"I",11-OCT-18,"Y","F","C","2018_09_MN0530100_NIBRS",37274512,0
2018,8422211,9311,10,2018,"I",16-JAN-19,"Y","F","C","2018_10_MN0530100_NIBRS",37274524,0
2018,8425688,9311,11,2018,"I",16-JAN-19,"Y","F","C","2018_11_MN0530100_NIBRS",37282866,0
2018,8427510,9311,12,2018,"I",16-JAN-19,"Y","F","C","2018_12_MN0530100_NIBRS",55054655,0
2018,7878238,9460,1,2018,"I",03-JAN-01,"Y","F","C","2018_01_MNDI01900_NIBRS",37284996,0
2018,8722363,9460,2,2018,"I",13-MAR-19,"Y","F","C","2018_02_MNDI01900_NIBRS",37287978,0
2018,8722364,9460,3,2018,"I",13-MAR-19,"Y","F","C","2018_03_MNDI01900_NIBRS",37285002,0
2018,8722365,9460,4,2018,"I",13-MAR-19,"Y","F","C","2018_04_MNDI01900_NIBRS",37287986,0
2018,8720695,9460,5,2018,"I",13-MAR-19,"Y","F","C","2018_05_MNDI01900_NIBRS",37287989,0
2018,8720696,9460,6,2018,"I",13-MAR-19,"Y","F","C","2018_06_MNDI01900_NIBRS",37291719,0
2018,8722366,9460,7,2018,"I",13-MAR-19,"Y","F","C","2018_07_MNDI01900_NIBRS",37287996,0
2018,8722368,9460,8,2018,"I",13-MAR-19,"Y","F","C","2018_08_MNDI01900_NIBRS",37288001,0
2018,8722370,9460,9,2018,"I",13-MAR-19,"Y","F","C","2018_09_MNDI01900_NIBRS",49492114,0
2018,8722371,9460,10,2018,"I",13-MAR-19,"Y","F","C","2018_10_MNDI01900_NIBRS",37291733,0
2018,8719091,9460,11,2018,"I",13-MAR-19,"Y","F","C","2018_11_MNDI01900_NIBRS",37291706,0
2018,8722372,9460,12,2018,"I",13-MAR-19,"Y","F","C","2018_12_MNDI01900_NIBRS",37288021,0
